heat_radius_over_pitch,Fo,opposite_benefit_percent,opposite_energy_ratio,same_energy_ratio
0.2,0.0,0.0,1.0,1.0
0.2,0.001,0.26986503193594286,0.8986773343437001,0.9011091127385698
0.2,0.002,0.5137674950933465,0.8177052925502402,0.8219280919195638
0.2,0.003,0.7366790026792918,0.7508550161459026,0.7564274584024541
0.2,0.004,0.9415312794877073,0.6944044800049527,0.7010046581319307
0.2,0.005,1.1302681232563658,0.6459217302959546,0.653305837929444
0.2,0.006,1.3042639100648044,0.6037242664016766,0.6117024810996301
0.2,0.007,1.46453686535828,0.5665982045604666,0.5750195782672177
0.2,0.008,1.6118692726075923,0.5336389411963917,0.5423814206562828
0.2,0.009000000000000001,1.7468798753974442,0.5041547475298614,0.513118307989103
0.2,0.01,1.8700701148846677,0.477605400562526,0.48670716581748086
0.2,0.011,1.981855251112046,0.4535614835679911,0.4627321652842617
0.2,0.012,2.0825862643529254,0.43167647618215266,0.4408577184723985
0.2,0.013000000000000001,2.1725658223114332,0.4116670771712374,0.42080943922489794
0.2,0.014,2.252060230576057,0.39329900392094014,0.4023604025299018
0.2,0.015,2.3213085414034937,0.3763765374970908,0.3853210274183773
0.2,0.016,2.3805295781580194,0.3607346903341196,0.3695314969188837
0.2,0.017,2.429927387747035,0.34623324790825993,0.354855990816163
0.2,0.018000000000000002,2.469695482931928,0.3327521734265794,0.341178236932857
0.2,0.019,2.500020139337616,0.3201880196123818,0.3283980366662268
0.2,0.02,2.5210829463059765,0.30845109520618896,0.3164285206782568
0.2,0.021,2.533062764385131,0.2974632043613014,0.30519395889317735
0.2,0.022,2.536137208419768,0.2871558260628837,0.2946279963035599
0.2,0.023,2.5304837499067463,0.2774686351993827,0.28467221945314336
0.2,0.024,2.5162805130307055,0.2683482915789716,0.275274982316244
0.2,0.025,2.493706823973172,0.2597474410460699,0.2663904375660669
0.2,0.026000000000000002,2.4629435615766364,0.25162388594525237,0.2579777318829653
0.2,0.027,2.424173348433252,0.24393989188354145,0.25000033333524885
0.2,0.028,2.377580614360502,0.236661605009977,0.24242546589128122
0.2,0.029,2.3233515585749447,0.2297585595289682,0.23522363143607483
0.2,0.03,2.2616740323377864,0.22320325936150773,0.22836820372323233
0.2,0.031,2.1927373601693785,0.2169708211017571,0.22183508181875936
0.2,0.032,2.116732114714108,0.21103866792816073,0.21560239302133546
0.2,0.033,2.0338498578439705,0.20538626609468114,0.20965023714482062
0.2,0.034,1.9442828585004794,0.1999948971788252,0.2039604655486045
0.2,0.035,1.8482237960143344,0.19484746049515625,0.19851648949297776
0.2,0.036000000000000004,1.745865456145919,0.1899283010680481,0.19330311334967465
0.2,0.037,1.6374004258111754,0.18522305934990896,0.18830638896464572
0.2,0.038,1.5230207913583167,0.1807185395123335,0.18351348809090484
0.2,0.039,1.4029178443203822,0.1764025936593224,0.17891259031458148
0.2,0.04,1.2772817977542485,0.17226401973829847,0.17449278431069354
0.2,0.041,1.1463015155826835,0.16829247127515093,0.1702439806050145
0.2,0.042,1.0101642567565927,0.1644783773488391,0.16615683429908676
0.2,0.043000000000000003,0.8690554355469134,0.16081287146088122,0.16222267644824437
0.2,0.044,0.7231583988412906,0.15728772815462763,0.15843345297640074
0.2,0.045,0.5726542209576228,0.1538953064059476,0.15478167017346464
0.2,0.046,0.41772151617985864,0.1506284989467656,0.15126034595727725
0.2,0.047,0.2585362689696286,0.14748068680051762,0.1478629661965099
0.2,0.048,0.09527168159959364,0.1444456984079098,0.1445834454877406
0.2,0.049,-0.0719019612118484,0.141517772805474,0.1414160918619561
0.2,0.05,-0.24281741121716843,0.13869152639086924,0.13835557496546347
0.2,0.051000000000000004,-0.417310559762629,0.13596192286976516,0.13539689731965926
0.2,0.052000000000000005,-0.5952205258480423,0.13332424603116858,0.1325353683149497
0.2,0.053,-0.7763897299083927,0.1307740750426354,0.12976658063771093
0.2,0.054,-0.960663954137223,0.12830726199511183,0.12708638886665521
0.2,0.055,-1.147892390191339,0.12591991146014234,0.12449089000726744
0.2,0.056,-1.3379276751233975,0.12360836185067528,0.12197640576087966
0.2,0.057,-1.5306259163825675,0.12136916840136197,0.11953946634911697
0.2,0.058,-1.7258467067124084,0.11919908760565152,0.11717679573542064
0.2,0.059000000000000004,-1.923453129753258,0.11709506296560095,0.11488529810360087
0.2,0.06,-2.1233117571308067,0.11505421192654987,0.11266204546927666
0.2,0.061,-2.3252926377824052,0.11307381388299048,0.11050426631395659
0.2,0.062,-2.5292692802395096,0.11115129915437884,0.1084093351436779
0.2,0.063,-2.7351186285491247,0.10928423884052767,0.1063747628847908
0.2,0.064,-2.9427210324797413,0.10747033547579801,0.104398188038851
0.2,0.065,-3.151960212620106,0.10570741440974585,0.10247736852683978
0.2,0.066,-3.362723220942606,0.10399341584932693,0.10061017416021073
0.2,0.067,-3.5749003973623776,0.10232638750434883,0.09879457968269952
0.2,0.068,-3.788385322790841,0.10070447778369566,0.0970286583325254
0.2,0.069,-4.003074769142511,0.09912592949502896,0.09531057587966564
0.2,0.07,-4.2188686467227114,0.0975890740052743,0.09363858509736674
0.2,0.07100000000000001,-4.4356699493876794,0.09609232582330315,0.09201102063104691
0.2,0.07200000000000001,-4.653384697839303,0.09463417756988007,0.09042629423129772
0.2,0.073,-4.871921881384655,0.0932131953032135,0.08888289032086419
0.2,0.074,-5.091193398462732,0.09182801417137477,0.0873793618683162
0.2,0.075,-5.311113996214838,0.09047733436547423,0.08591432654366017
0.2,0.076,-5.53160120934637,0.08915991734983454,0.08448646313341271
0.2,0.077,-5.752575298509195,0.08787458234752192,0.08309450819469613
0.2,0.078,-5.973959188406978,0.08662020306149819,0.08173725292974994
0.2,0.079,-6.1956784058081835,0.08539570461337606,0.08041354026389975
0.2,0.08,-6.417661017630513,0.08420006068330985,0.07912226211151191
0.2,0.081,-6.639837569245462,0.08303229083595597,0.07786235681580049
0.2,0.082,-6.86214102313186,0.08189145801870483,0.07663280674956553
0.2,0.083,-7.084506697995836,0.08077666621953622,0.07543263606503406
0.2,0.084,-7.306872208458314,0.07968705827289133,0.07426090858196695
0.2,0.085,-7.529177405399957,0.07862181380290266,0.07311672580409267
0.2,0.08600000000000001,-7.7513643170410615,0.07758014729418253,0.07199922505474309
0.2,0.08700000000000001,-7.973377090824523,0.0765613062811557,0.07090757772330696
0.2,0.088,-8.195161936159145,0.07556456964763422,0.06984098761478938
0.2,0.089,-8.41666706807299,0.07458924602898456,0.06879868939537796
0.2,0.09,-8.637842651817015,0.07363467230983099,0.06777994712747494
0.2,0.091,-8.858640748455514,0.07270021221078274,0.06678405288816194
0.2,0.092,-9.079015261468083,0.07178525495816843,0.06581032546553105
0.2,0.093,-9.298921884388022,0.07088921403121767,0.06485810912773816
0.2,0.094,-9.51831804949203,0.07001152598154457,0.06392677246002437
0.2,0.095,-9.737162877554459,0.06915164932017168,0.06301570726530592
0.2,0.096,-9.955417128673918,0.06830906346768309,0.062124327524259476
0.2,0.097,-10.1730431541764,0.06748326776341734,0.06125206841112767
0.2,0.098,-10.390004849596604,0.0666737805299078,0.0603983853617445
0.2,0.099,-10.606267608735012,0.06588013818904986,0.05956275319053172
0.2,0.1,-10.821798278786837,0.06510189442672615,0.058744665253449284
0.2,0.11,-12.932169090825168,0.058076049340875395,0.05142560335856828
0.2,0.12,-14.941859014234135,0.05220291886927396,0.04541680404073617
0.2,0.13,-16.835752982620743,0.047228057069270316,0.0404226068336252
0.2,0.14,-18.605995333484188,0.04296645258813505,0.03622620632905308
0.2,0.15,-20.24982994737285,0.0392804145321754,0.03266567158503793
0.2,0.16,-21.768005606988183,0.03606537630283272,0.029618105448187576
0.2,0.16999999999999998,-23.163613388160393,0.03324050574050984,0.0269889010447831
0.2,0.18,-24.441249519110606,0.030742330470955457,0.0247042926599948
0.2,0.19,-25.606420252216697,0.028520310098436773,0.022706092603521553
0.2,0.2,-26.66512444572485,0.026533697546870728,0.020947911007848288
0.2,0.21000000000000002,-27.623565070207615,0.024749273232654242,0.019392400783538134
0.2,0.22,-28.487953189728508,0.023139682018230148,0.018009223000121668
0.2,0.22999999999999998,-29.26437758534441,0.02168219394883886,0.016773525973560344
0.2,0.24,-29.95872054158363,0.020357767823609228,0.015664795512583735
0.2,0.25,-30.576605831538522,0.019150334446067178,0.014665976592142162
0.2,0.26,-31.123368998709065,0.018046241470270372,0.01376279576102719
0.2,0.27,-31.60404297710907,0.017033818672240263,0.012943233571633577
0.2,0.28,-32.02335419217028,0.016103034062923943,0.012197110247240591
0.2,0.29,-32.38572576530687,0.015245219309672887,0.011515757625334607
0.2,0.3,-32.69528547669247,0.014452848601889794,0.01089175741999394
0.2,0.31,-32.955876853814345,0.013719359138188166,0.01031873089240927
0.2,0.32,-33.17107224354888,0.013039004328554918,0.009791168689179461
0.2,0.33,-33.34418706201797,0.012406732933009946,0.009304292302775533
0.2,0.34,-33.478294648281135,0.011818088927975793,0.008853940604438176
0.2,0.35,-33.5762413090117,0.01126912806143609,0.008436476390562893
0.2,0.36,-33.640661254928595,0.01075634793839044,0.008048709006214792
0.2,0.37,-33.67399121152209,0.010276629146889104,0.007687829961348012
0.2,0.38,-33.678484546887454,0.009827185447415475,0.007351359106684524
0.2,0.39,-33.65622480501973,0.009405521444374785,0.007037099437826963
0.2,0.39999999999999997,-33.609138568131954,0.009009396466830752,0.00674309898513158
0.2,0.41,-33.53900759926773,0.00863679362756883,0.0064676185504438264
0.2,0.42,-33.44748023853218,0.008285893220697697,0.006209104290232371
0.2,0.43,-33.33608204388493,0.007955049769990109,0.00596616433305117
0.2,0.44,-33.20622568146094,0.007642772161776134,0.005737548768968552
0.2,0.45,-33.05922008141007,0.007347706394074983,0.005522132468219347
0.2,0.46,-32.89627888374519,0.007068620552854878,0.005318900282406218
0.2,0.47,-32.718528205032676,0.006804391690738026,0.0051269342591157546
0.2,0.48,-32.52701376127482,0.006553994336134412,0.004945402563691907
0.2,0.49,-32.322707385306785,0.006316490404041253,0.004773549853124182
0.2,0.5,-32.10651297871189,0.006091020315423688,0.004610688888900744
0.25,0.0,0.0,1.0,1.0
0.25,0.001,0.37987952240781403,0.8641021542668433,0.867397218678538
0.25,0.002,0.7196370989677499,0.7597273992886701,0.7652343092722226
0.25,0.003,1.0225523978422204,0.6764229229209571,0.6834111601259463
0.25,0.004,1.2898401175311727,0.6081635840052957,0.6161104234147908
0.25,0.005,1.5219424770095622,0.5511244608080441,0.5596418884271555
0.25,0.006,1.7189888192230618,0.5027243655700687,0.5115172906039432
0.25,0.007,1.881018982339659,0.46114202740316657,0.46998248720109115
0.25,0.008,2.0081048950985503,0.4250473767237121,0.4337576860501514
0.25,0.009000000000000001,2.100419092326468,0.3934419371617031,0.40188316795017504
0.25,0.01,2.158271602119556,0.3655590042600582,0.37362279903057943
0.25,0.011,2.1821262911601447,0.3407985845719715,0.34840113738965206
0.25,0.012,2.172603327505529,0.31868352322186927,0.32576101793729073
0.25,0.013000000000000001,2.1304722614656,0.29882905917810615,0.3053341178639891
0.25,0.014,2.056638987867476,0.28092117331574024,0.28682002579117305
0.25,0.015,1.9521290252331542,0.26470085820297967,0.2699710412591232
0.25,0.016,1.8180689311016227,0.2499524745843267,0.25458093140266774
0.25,0.017,1.6556671888337489,0.23649498931335752,0.24047647948098674
0.25,0.018000000000000002,1.4661955152983273,0.22417528391926067,0.22751104059324742
0.25,0.019,1.250971232687281,0.2128629766133792,0.21555956475780524
0.25,0.02,1.011341108852704,0.2024463674855066,0.2045147088093459
0.25,0.021,0.748666888516851,0.19282922885399412,0.19428376708794476
0.25,0.022,0.4643126029106765,0.18392823959511906,0.18478622532775876
0.25,0.023,0.15963364908476185,0.17567091582767796,0.17595179409722547
0.25,0.024,-0.16403243557174774,0.16799392822005227,0.16771881496295646
0.25,0.025,-0.5053736200230389,0.16084172337987823,0.16003295902164058
0.25,0.026000000000000002,-0.8631095879208731,0.1541653865567577,0.15284615672331026
0.25,0.027,-1.2359966588444782,0.1479216974357649,0.14611571211596475
0.25,0.028,-1.622831575195046,0.14207234162359175,0.13980356522389006
0.25,0.029,-2.022454302619592,0.13658324856704585,0.13387567423335242
0.25,0.03,-2.4337499828919666,0.13142403282165852,0.1283014952040791
0.25,0.031,-2.8556501668621794,0.12656752032134097,0.12305354165377512
0.25,0.032,-3.2871334426301035,0.12198934495746558,0.11810700993577622
0.25,0.033,-3.7272255613787295,0.11766760362485615,0.11343945910828247
0.25,0.034,-4.1749991508951165,0.11358256012853066,0.10903053616924815
0.25,0.035,-4.629573095092416,0.10971639011306449,0.10486173924589076
0.25,0.036000000000000004,-5.090111647041329,0.10605296058368316,0.1009162126879032
0.25,0.037,-5.555823333228703,0.10257763871542443,0.09717856909854944
0.25,0.038,-6.025959698020373,0.09927712555508156,0.09363473420833858
0.25,0.039,-6.499813929584837,0.09613931095679137,0.09027181119805187
0.25,0.04,-6.976719401788299,0.09315314669190074,0.08707796164699319
0.25,0.041,-7.456048160718362,0.09030853516485692,0.08404230074586914
0.25,0.042,-7.937209379454015,0.08759623157091466,0.08115480479300655
0.25,0.043000000000000003,-8.419647800389008,0.08500775766535484,0.07840622930436215
0.25,0.044,-8.902842180744429,0.0825353255910121,0.07578803632510292
0.25,0.045,-9.38630375380172,0.08017177044178836,0.07329232974379755
0.25,0.046,-9.869574715769934,0.07791049043292705,0.07091179758771225
0.25,0.047,-10.35222674600755,0.07574539371089282,0.06863966042591273
0.25,0.048,-10.833859566489119,0.0736708509721994,0.0664696251311219
0.25,0.049,-11.314099544886494,0.07168165317585336,0.06439584335580806
0.25,0.05,-11.7925983443783,0.06977297373182056,0.062412874166216416
0.25,0.051000000000000004,-12.269031622270248,0.06794033463099951,0.060515650352792855
0.25,0.052000000000000005,-12.743097778665105,0.06617957605299774,0.05869944799895431
0.25,0.053,-13.214516755738188,0.06448682904852736,0.0569598589442894
0.25,0.054,-13.683028887624115,0.06285849094509133,0.05529276582455158
0.25,0.055,-14.148393800482376,0.06129120316917499,0.053694319410490014
0.25,0.056,-14.610389361964113,0.059781831216507035,0.052160918001685895
0.25,0.057,-15.068810679035607,0.05832744653504954,0.050689188660986324
0.25,0.058,-15.523469142909276,0.056925310113998186,0.049275970100567404
0.25,0.059000000000000004,-15.974191519683533,0.055572857596880895,0.04791829705271011
0.25,0.06,-16.420819085184462,0.05426768575838593,0.046613385977536004
0.25,0.061,-16.863206802431968,0.053007540203298245,0.0453586219766435
0.25,0.062,-17.301222540108114,0.05179030416226658,0.044151546796162525
0.25,0.063,-17.734746330387356,0.05061398827340114,0.04298984781550225
0.25,0.064,-18.163669664486353,0.049476721251194275,0.0418713479292564
0.25,0.065,-18.587894824305092,0.048376741355207746,0.040793996239566206
0.25,0.066,-19.007334248555473,0.047312388580586,0.03975585948490421
0.25,0.067,-19.42190993180942,0.04628209750091259,0.03875511413888785
0.25,0.068,-19.831552854937353,0.04528439070137745,0.03779003911949358
0.25,0.069,-20.236202445455177,0.044317872746796654,0.03685900905503177
0.25,0.07,-20.63580606634699,0.043381224634835534,0.03596048805855936
0.25,0.07100000000000001,-21.030318531982296,0.042473198689927445,0.03509302396713423
0.25,0.07200000000000001,-21.419701649799855,0.04159261385793661,0.03425524300652502
0.25,0.073,-21.80392378648302,0.04073835136565775,0.03344584484574595
0.25,0.074,-22.182959457406707,0.03990935071283947,0.03266359800914134
0.25,0.075,-22.556788938187704,0.0391046059676172,0.031907335616748134
0.25,0.076,-22.92539789722281,0.038323162339091645,0.03117595142635488
0.25,0.077,-23.288777048150283,0.037564113003332754,0.030468396153091968
0.25,0.078,-23.64692182122003,0.036826596161361455,0.029783674044557857
0.25,0.079,-23.999832052605107,0.03610979230969422,0.029120839691440206
0.25,0.08,-24.347511690734454,0.03541292170585611,0.02847899505535087
0.25,0.081,-24.689968518770627,0.034735242012900625,0.02785728669718257
0.25,0.082,-25.02721389240028,0.034076046108440276,0.02725490319072972
0.25,0.083,-25.359262492144236,0.03343466004500866,0.02667107270761415
0.25,0.084,-25.686132089435638,0.032810441149760505,0.026105060760731564
0.25,0.085,-26.007843325750688,0.032202776252583346,0.025556168094500238
0.25,0.08600000000000001,-26.324419504112427,0.031611080032657175,0.02502372871116031
0.25,0.08700000000000001,-26.635886392322817,0.031034793474367616,0.024507108023250724
0.25,0.088,-26.942272037310744,0.0304733824242631,0.024005701123189598
0.25,0.089,-27.243606590013062,0.029926336241456932,0.023518931161611505
0.25,0.09,-27.539922140238275,0.02939316653451843,0.02304624782677754
0.25,0.091,-27.831252560986954,0.02887340597847989,0.02258712591797901
0.25,0.092,-28.117633361732285,0.028366607206115307,0.022141064006407245
0.25,0.093,-28.399101550188202,0.027872341768126866,0.021707583177466565
0.25,0.094,-28.675695502116096,0.027390199157311758,0.021286225848968752
0.25,0.095,-28.947454838745845,0.0269197858921791,0.020876554660069414
0.25,0.096,-29.21442031140571,0.026460724655848426,0.02047815142619399
0.25,0.097,-29.47663369297912,0.026012653486390775,0.020090616155555265
0.25,0.098,-29.73413767582389,0.025575225015074265,0.019713566123190286
0.25,0.099,-29.986975775808443,0.02514810574925049,0.019346634998743267
0.25,0.1,-30.23519224213792,0.02473097539686918,0.018989472024495857
0.25,0.11,-32.47619591970054,0.021044965089416164,0.015885846467219224
0.25,0.12,-34.305312014969665,0.01808391666499557,0.01346478139522876
0.25,0.13,-35.769829442737795,0.015671508117778767,0.011542702956983807
0.25,0.14,-36.91447528727768,0.013682206836673486,0.009993250755966531
0.25,0.15,-37.7800933165366,0.012024488619036329,0.008727304743081582
0.25,0.16,-38.40322916299891,0.010630258722839007,0.0076806435710539975
0.25,0.16999999999999998,-38.81618214110059,0.00944796182743594,0.006806095429013096
0.25,0.18,-39.047280752318514,0.008437966603275174,0.006068415403466621
0.25,0.19,-39.121251067811855,0.007569397440866773,0.0054408635508727725
0.25,0.2,-39.05960945960912,0.006817912528916455,0.004902870470736341
0.25,0.21000000000000002,-38.88104499431332,0.006164115954512839,0.00443841415130858
0.25,0.22,-38.60177490728384,0.00559240378770198,0.004034871697309041
0.25,0.22999999999999998,-38.23586619373967,0.005090112947710874,0.0036821941279530186
0.25,0.24,-37.795521471035656,0.004646884943998679,0.0033723047704242296
0.25,0.25,-37.291329996506946,0.004254184457567901,0.0030986548514579464
0.25,0.26,-36.73248616010288,0.003904931051899676,0.002855891208858231
0.25,0.27,-36.126978472044236,0.003593214580637998,0.0026396050371278314
0.25,0.28,-35.481752329419635,0.0033140732285981207,0.00244613992040792
0.25,0.29,-34.80284983938645,0.0030633189177909706,0.0022724437364943124
0.25,0.3,-34.09552980422144,0.0028373988802758193,0.002115953368780005
0.25,0.31,-33.364370704823294,0.0026332850956650275,0.00197450419609695
0.25,0.32,-32.6133592036644,0.002448385376447798,0.0018462584698481445
0.25,0.33,-31.84596636027096,0.0022804714025201466,0.0017296482141051827
0.25,0.34,-31.065213435413504,0.002127620122963667,0.001623329384812026
0.25,0.35,-30.273728868771112,0.0019881657722431666,0.001526144825597116
0.25,0.36,-29.473797756529112,0.0018606603691035054,0.0014370941467264375
0.25,0.37,-28.667404932858677,0.0017438410356044013,0.0013553090905302503
0.25,0.38,-27.856272571802013,0.0016366028308881764,0.0012800332732749477
0.25,0.39,-27.041893070963397,0.0015379760681747763,0.0012106054396683853
0.25,0.39999999999999997,-26.225557851704714,0.0014471072949942237,0.001146445553201158
0.25,0.41,-25.40838260799352,0.0013632432810866128,0.00108704318861036
0.25,0.42,-24.591329453460574,0.0012857174870114264,0.0010319478029903269
0.25,0.43,-23.775226349757325,0.0012139385877091742,0.0009807605475742717
0.25,0.44,-22.960784145635,0.0011473807053426653,0.0009331273489470474
0.25,0.45,-22.148611512493314,0.0010855750694611626,0.0008887330408582912
0.25,0.46,-21.339228026220223,0.001028102873485028,0.0008472963692029299
0.25,0.47,-20.533075615164968,0.0009745891374574418,0.0008085657256179921
0.25,0.48,-19.73052856868954,0.0009246974200725665,0.0007723154914012315
0.25,0.49,-18.931902278882223,0.000878125249804464,0.0007383428945291373
0.25,0.5,-18.13746086892557,0.0008346001668019971,0.000706465299544564
0.30000000000000004,0.0,0.0,1.0,1.0
0.30000000000000004,0.001,0.47008154198612845,0.8397359781419207,0.8437020658227089
0.30000000000000004,0.002,0.8826194360434703,0.719950626495635,0.7263616354662231
0.30000000000000004,0.003,1.2353932408715997,0.6266036502071604,0.6344414975856176
0.30000000000000004,0.004,1.5253935174304079,0.5517638857304762,0.5603108308212845
0.30000000000000004,0.005,1.7500875470502617,0.4904815409066682,0.49921829817563623
0.30000000000000004,0.006,1.9077961383876672,0.43946545958211974,0.4480126271830063
0.30000000000000004,0.007,1.997815393955214,0.39642382986020375,0.40450509491576403
0.30000000000000004,0.008,2.0204099971821456,0.35970299947261386,0.36712033543135764
0.30000000000000004,0.009000000000000001,1.9767316864751527,0.32807561264170076,0.33469156689650414
0.30000000000000004,0.01,1.8686963052034717,0.30060955992969063,0.30633401229910556
0.30000000000000004,0.011,1.6988429856884326,0.2765833639777988,0.2813632843991158
0.30000000000000004,0.012,1.4701918245346115,0.2554295723429511,0.25924091102265523
0.30000000000000004,0.013000000000000001,1.1861105513725398,0.236695737171667,0.23953690973243513
0.30000000000000004,0.014,0.8501961078564937,0.22001682256633745,0.2219034369504903
0.30000000000000004,0.015,0.46617371170717287,0.20509525929287464,0.20605583743845077
0.30000000000000004,0.016,0.03781373303296032,0.19168624974085105,0.19175876088676008
0.30000000000000004,0.017,-0.431134665542162,0.17958675924721096,0.17881582225001688
0.30000000000000004,0.018000000000000002,-0.9369949096942547,0.16862714748431454,0.16706178704367108
0.30000000000000004,0.019,-1.4762015002296502,0.1586647240441902,0.15635658577920963
0.30000000000000004,0.02,-2.0453277152395084,0.1495787285124152,0.1465806733746978
0.30000000000000004,0.021,-2.64110450134433,0.14126637987769197,0.13763139101434918
0.30000000000000004,0.022,-3.2604323118730076,0.13363973873378826,0.1294200844813064
0.30000000000000004,0.023,-3.9003874045953997,0.12662319422967203,0.12186979990420288
0.30000000000000004,0.024,-4.558223867812498,0.12015143609778225,0.11491342493507105
0.30000000000000004,0.025,-5.2313724180775685,0.11416780677042172,0.10849217694970305
0.30000000000000004,0.026000000000000002,-5.917436813468829,0.10862295380106302,0.10255436410565606
0.30000000000000004,0.027,-6.614188555551683,0.10347372136029373,0.09705436280310702
0.30000000000000004,0.028,-7.319560410162953,0.09868223338942048,0.09195176817000404
0.30000000000000004,0.029,-8.031639159485575,0.0942151313879614,0.0872106839449811
0.30000000000000004,0.03,-8.748657902412388,0.09004293770691892,0.08279912547308915
0.30000000000000004,0.031,-9.468988143625008,0.08613952127134714,0.07868851510560301
0.30000000000000004,0.032,-10.19113185102051,0.08248164733192657,0.0748532535662149
0.30000000000000004,0.033,-10.913713613276245,0.07904859648588194,0.07127035414349332
0.30000000000000004,0.034,-11.635472992023642,0.07582184106173913,0.06791912913483746
0.30000000000000004,0.035,-12.355257134230232,0.07278476921447224,0.06478091997735065
0.30000000000000004,0.036000000000000004,-13.072013688251745,0.06992244886525595,0.06183886408712728
0.30000000000000004,0.037,-13.784784050201685,0.0672214250470385,0.05907769268813702
0.30000000000000004,0.038,-14.492696954654894,0.06466954536224323,0.05648355491866504
0.30000000000000004,0.039,-15.194962414332142,0.06225580918231785,0.05404386431274377
0.30000000000000004,0.04,-15.890866006576392,0.059970236966965774,0.05174716440859341
0.30000000000000004,0.041,-16.579763499540615,0.05780375668965401,0.04958301076831554
0.30000000000000004,0.042,-17.26107580761266,0.05574810485342404,0.04754186712808995
0.30000000000000004,0.043000000000000003,-17.934284263335513,0.05379573998910611,0.04561501375544501
0.30000000000000004,0.044,-18.59892619167018,0.05193976686407245,0.0437944663850763
0.30000000000000004,0.045,-19.25459077167004,0.05017386990737803,0.042072904349186084
0.30000000000000004,0.046,-19.900915170326932,0.048492254587448054,0.04044360672190175
0.30000000000000004,0.047,-20.537580933376077,0.04688959567010263,0.03890039546755099
0.30000000000000004,0.048,-21.16431061811783,0.04536099144467166,0.03743758472545527
0.30000000000000004,0.049,-21.78086465374909,0.043901923139889026,0.036049935484291605
0.30000000000000004,0.05,-22.387038415243882,0.04250821886373688,0.03473261500087274
0.30000000000000004,0.051000000000000004,-22.98265949743629,0.041176021496144175,0.03348116040457113
0.30000000000000004,0.052000000000000005,-23.56758517661258,0.03990176004345548,0.03229144600214103
0.30000000000000004,0.053,-24.14170004758663,0.03868212403134419,0.031159653860480693
0.30000000000000004,0.054,-24.70491382490123,0.037514040570378424,0.030082247298652616
0.30000000000000004,0.055,-25.257159297452503,0.03639465377742444,0.029055946966669428
0.30000000000000004,0.056,-25.79839042647183,0.03532130627786863,0.028077709228333612
0.30000000000000004,0.057,-26.328580577411817,0.034291522549393355,0.027144706599770703
0.30000000000000004,0.058,-26.847720876865893,0.03330299389870044,0.026254310025032656
0.30000000000000004,0.059000000000000004,-27.35581868620756,0.03235356488892447,0.025404072795951735
0.30000000000000004,0.06,-27.852896184161082,0.031441221058174026,0.024591715945867707
0.30000000000000004,0.061,-28.338989051010262,0.030564077789230717,0.023815114966413337
0.30000000000000004,0.062,-28.814145247620274,0.029720370207383877,0.023072287713629753
0.30000000000000004,0.063,-29.278423882886315,0.028908443998071267,0.02236138338463927
0.30000000000000004,0.064,-29.731894163635666,0.02812674704875732,0.021680672459218092
0.30000000000000004,0.065,-30.174634421396853,0.027373821830588268,0.021028537512135178
0.30000000000000004,0.066,-30.606731210811116,0.026648298445048492,0.020403464812265855
0.30000000000000004,0.067,-31.028278474805326,0.02594888826930511,0.019804036633431516
0.30000000000000004,0.068,-31.43937677195945,0.02527437814133379,0.0192289242098154
0.30000000000000004,0.069,-31.84013256180429,0.024623625032413755,0.018676881275791073
0.30000000000000004,0.07,-32.2306575440626,0.023995551160284005,0.018146738136190603
0.30000000000000004,0.07100000000000001,-32.61106804811016,0.023389139501272603,0.017637396218532244
0.30000000000000004,0.07200000000000001,-32.981484469177545,0.022803429664134477,0.01714782306360842
0.30000000000000004,0.073,-33.342030748043555,0.022237514092238744,0.01667704771517815
0.30000000000000004,0.074,-33.69283389118745,0.021690534564199757,0.01622415647337813
0.30000000000000004,0.075,-34.03402352856598,0.02116167896610428,0.015788288979920236
0.30000000000000004,0.076,-34.36573150637311,0.020650178311199502,0.015368634606227735
0.30000000000000004,0.077,-34.68809151231395,0.020155303985316137,0.014964429118422414
0.30000000000000004,0.078,-35.001238731091846,0.019676365198444047,0.014574951595545935
0.30000000000000004,0.079,-35.30530952796056,0.019212706624787076,0.01419952157961459
0.30000000000000004,0.08,-35.60044115833919,0.018763706215327247,0.013837496438095705
0.30000000000000004,0.081,-35.88677150162334,0.018328773168449764,0.013488268921181046
0.30000000000000004,0.082,-36.164438817451014,0.017907346045541436,0.013151264897840865
0.30000000000000004,0.083,-36.433581522801695,0.017498891019693923,0.012825941256089792
0.30000000000000004,0.084,-36.69433798841753,0.017102900246736528,0.012511783954201309
0.30000000000000004,0.085,-36.94684635313842,0.01671889034880475,0.012208306210785263
0.30000000000000004,0.08600000000000001,-37.191244354840926,0.016346401001533326,0.011915046822706749
0.30000000000000004,0.08700000000000001,-37.4276691767589,0.015984993616756683,0.011631568600786535
0.30000000000000004,0.088,-37.65625730805203,0.015634250113315745,0.011357456914093537
0.30000000000000004,0.089,-37.877144417562796,0.01529377176921546,0.011092318334428268
0.30000000000000004,0.09,-38.090465239780286,0.014963178148961127,0.010835779373310869
0.30000000000000004,0.091,-38.296353472094694,0.01464210610042851,0.010587485304435724
0.30000000000000004,0.092,-38.49494168249282,0.014330208816100524,0.010347099065143698
0.30000000000000004,0.093,-38.68636122690291,0.01402715495393561,0.010114300230998179
0.30000000000000004,0.094,-38.870742175454595,0.013732627813525324,0.00988878405803794
0.30000000000000004,0.095,-39.04821324697065,0.013446324563555071,0.00967026058772317
0.30000000000000004,0.096,-39.218901751055796,0.01316795551690552,0.009458453809994704
0.30000000000000004,0.097,-39.38293353719371,0.01289724345002702,0.009253100880234701
0.30000000000000004,0.098,-39.54043295030471,0.012633922963487546,0.009053951386252996
0.30000000000000004,0.099,-39.69152279225596,0.012377739880839202,0.008860766661730015
0.30000000000000004,0.1,-39.83632428885348,0.01212845068317157,0.008673319142827571
0.30000000000000004,0.11,-40.966210014560666,0.009966523793105937,0.007070150919200052
0.30000000000000004,0.12,-41.58680696971822,0.00828881350258844,0.005854227297011652
0.30000000000000004,0.13,-41.79264107819224,0.006966356638476451,0.004913059370009774
0.30000000000000004,0.14,-41.66273947745604,0.005909661428592981,0.0041716413577710275
0.30000000000000004,0.15,-41.26255308014926,0.005055146856770268,0.0035785470009890657
0.30000000000000004,0.16,-40.645983582329066,0.004356719190627458,0.0030976492038090743
0.30000000000000004,0.16999999999999998,-39.85726577384666,0.003780370320221454,0.002703020325261059
0.30000000000000004,0.18,-38.9326182022229,0.0033006181725811893,0.002375697093519814
0.30000000000000004,0.19,-37.90164804190033,0.0028981049816640555,0.002101573855581109
0.30000000000000004,0.2,-36.78852680701232,0.002557942941980924,0.0018699981655550615
0.30000000000000004,0.21000000000000002,-35.612964661913026,0.002268553652768455,0.0016728147330338393
0.30000000000000004,0.22,-34.39101316817246,0.002020840588155507,0.0015037021751050377
0.30000000000000004,0.22999999999999998,-33.135724469355964,0.0018075903261916334,0.0013577049536450218
0.30000000000000004,0.24,-31.85769160772877,0.001623033523221348,0.0012308978743915875
0.30000000000000004,0.25,-30.565491042500806,0.0014625191124841039,0.0011201421606939267
0.30000000000000004,0.26,-29.266045008861823,0.0013222698458760878,0.0010229057799249909
0.30000000000000004,0.27,-27.964918318318908,0.001199197000562144,0.0009371295010551905
0.30000000000000004,0.28,-26.666561601507812,0.0010907586092017865,0.0008611259320619329
0.30000000000000004,0.29,-25.37451081531828,0.000994850043457575,0.0007935026322240486
0.30000000000000004,0.3,-24.091551031037778,0.0009097188806846961,0.0007331029978480623
0.30000000000000004,0.31,-22.819851036464314,0.0008338981609358752,0.000678960407376082
0.30000000000000004,0.32,-21.56107407147968,0.0007661536884788567,0.0006302623552242942
0.30000000000000004,0.33,-20.316469027513126,0.0007054421433099615,0.000586322179342419
0.30000000000000004,0.34,-19.0869456369743,0.0006508775744962888,0.0005465566112346434
0.30000000000000004,0.35,-17.873136525507604,0.0006017044377868868,0.0005104678262775155
0.30000000000000004,0.36,-16.675448469811364,0.0005572757763344363,0.00047762899876800213
0.30000000000000004,0.37,-15.494104773626393,0.0005170354684891321,0.0004476726058897506
0.30000000000000004,0.38,-14.329180325355788,0.00048050371072141956,0.0004202809023505734
0.30000000000000004,0.39,-13.180630617175982,0.00044726508833349527,0.0003951781200498273
0.30000000000000004,0.39999999999999997,-12.048315774876462,0.00041695872719613885,0.00037212404694585296
0.30000000000000004,0.41,-10.932020459892868,0.0003892701274995737,0.00035090871498217517
0.30000000000000004,0.42,-9.83147035188201,0.00036392436361393086,0.00033134798473331633
0.30000000000000004,0.43,-8.746345795142945,0.0003406803986339754,0.00031327985887061554
0.30000000000000004,0.44,-7.676293089906321,0.00031932631249285574,0.00029656139093331185
0.30000000000000004,0.45,-6.620933825723772,0.0002996752819969774,0.0002810660826576597
0.30000000000000004,0.46,-5.579872585440497,0.00028156218225612064,0.0002666816840759743
0.30000000000000004,0.47,-4.552703291749429,0.00026484070364624833,0.00025330832710008725
0.30000000000000004,0.48,-3.5390144218507364,0.000249380898080705,0.00024085693636666103
0.30000000000000004,0.49,-2.5383932774530615,0.00023506708407417537,0.000229247871514936
0.30000000000000004,0.5,-1.5504294657694178,0.00022179605270449378,0.00021840976337697982
0.35000000000000003,0.0,0.0,1.0,1.0
0.35000000000000003,0.001,0.5405023909044874,0.8223634257536011,0.8268324750500212
0.35000000000000003,0.002,1.0046910624724368,0.6921758254064518,0.6992006316615058
0.35000000000000003,0.003,1.383355611889145,0.5924931346208812,0.6008043959487144
0.35000000000000003,0.004,1.6688275158218073,0.5138657565558442,0.5225868293582352
0.35000000000000003,0.005,1.856055052550929,0.450460188258078,0.4589790929020387
0.35000000000000003,0.006,1.942701636634676,0.39843500263966997,0.40632875807286895
0.35000000000000003,0.007,1.928924708010556,0.35513931962380535,0.3621244271732927
0.35000000000000003,0.008,1.8169951015222294,0.31867740139764406,0.32457491164296687
0.35000000000000003,0.009000000000000001,1.6108542157694774,0.2876549735634421,0.2923645400827806
0.35000000000000003,0.01,1.3156749965821706,0.2610231198574301,0.26450312128941433
0.35000000000000003,0.011,0.9374662304782483,0.2379778922231747,0.24022996703966054
0.35000000000000003,0.012,0.482738725063438,0.21789337069696668,0.21895032872236322
0.35000000000000003,0.013000000000000001,-0.04176231766321192,0.2002756624677775,0.20019205762473574
0.35000000000000003,0.014,-0.6292628165674595,0.1847304796643759,0.18357530850753895
0.35000000000000003,0.015,-1.2731113622414236,0.17093979180317234,0.1687908957311895
0.35000000000000003,0.016,-1.9668862411391195,0.1586447014499777,0.1555845307218684
0.35000000000000003,0.017,-2.704467086767612,0.14763268370017998,0.14374514360262028
0.35000000000000003,0.018000000000000002,-3.4800792642449165,0.1377279452350264,0.13309609561017705
0.35000000000000003,0.019,-4.288317777396877,0.12878405127283538,0.12348847312670684
0.35000000000000003,0.02,-5.12415617278452,0.12067822572195967,0.11479590430539116
0.35000000000000003,0.021,-5.9829447338551836,0.11330690194090533,0.1069105054831625
0.35000000000000003,0.022,-6.86040125953306,0.10658221911467719,0.09973967705382254
0.35000000000000003,0.023,-7.7525969093269405,0.10042924108209446,0.09320354586591074
0.35000000000000003,0.024,-8.655938954442645,0.09478373230415166,0.08723290527533213
0.35000000000000003,0.025,-9.56715177629687,0.08959036716329725,0.08176754228878177
0.35000000000000003,0.026000000000000002,-10.483257073919049,0.08480127893822303,0.07675486873227005
0.35000000000000003,0.027,-11.401553955833686,0.08037487696609945,0.07214879336240221
0.35000000000000003,0.028,-12.319599379436852,0.07627487697210458,0.06790878652837215
0.35000000000000003,0.029,-13.235189244601084,0.072469501897408,0.06399909990953917
0.35000000000000003,0.03,-14.146340334681849,0.06893081990175168,0.060388112049535383
0.35000000000000003,0.031,-15.051273216604008,0.06563419334405618,0.057047776620853564
0.35000000000000003,0.032,-15.948396154074292,0.06255781802073392,0.05395315510669589
0.35000000000000003,0.033,-16.836290047924976,0.05968233617806399,0.05108201925410585
0.35000000000000003,0.034,-17.713694390413927,0.05699051011372831,0.04841451150510264
0.35000000000000003,0.035,-18.579494202444963,0.05446694576653548,0.04593285384869894
0.35000000000000003,0.036000000000000004,-19.432707911483146,0.05209785772884444,0.043621097302303874
0.35000000000000003,0.037,-20.272476121485912,0.04987086872824876,0.04146490563466469
0.35000000000000003,0.038,-21.098051223015364,0.04777483790828014,0.039451368065616124
0.35000000000000003,0.039,-21.90878779080742,0.0457997132642731,0.03756883658203896
0.35000000000000003,0.04,-22.70413371669713,0.043936404415302846,0.03580678424147021
0.35000000000000003,0.041,-23.483622027401157,0.042176672558809844,0.03415568143073321
0.35000000000000003,0.042,-24.246863338860024,0.040513034994128,0.032606887534566
0.35000000000000003,0.043000000000000003,-24.993538901380877,0.03893868204031735,0.031152555870139598
0.35000000000000003,0.044,-25.72339419251304,0.037447404532570096,0.029785550074498488
0.35000000000000003,0.045,-26.436233017311455,0.03603353037581781,0.028499370406649297
0.35000000000000003,0.046,-27.13191207832547,0.034691868876506535,0.02728808865482414
0.35000000000000003,0.047,-27.810335980229404,0.033417661773729644,0.026146290530758735
0.35000000000000003,0.048,-28.47145263647096,0.03220654005691051,0.02506902459338083
0.35000000000000003,0.049,-29.115249047633842,0.031054485795317045,0.02405175687951488
0.35000000000000003,0.05,-29.741747423384787,0.029957798319936658,0.023090330533452514
0.35000000000000003,0.051000000000000004,-30.351001621906878,0.028913064194725394,0.022180929824068375
0.35000000000000003,0.052000000000000005,-30.943093882614654,0.02791713049527193,0.021320048020477156
0.35000000000000003,0.053,-31.518131829706224,0.026967080981164245,0.020504458667404173
0.35000000000000003,0.054,-32.076245725744286,0.026060214805997208,0.019731189861431346
0.35000000000000003,0.055,-32.61758595597815,0.025194027457795014,0.01899750118069414
0.35000000000000003,0.056,-33.14232072553077,0.024366193664104172,0.018300862964777675
0.35000000000000003,0.057,-33.65063395288643,0.023574552031342268,0.01763893767960173
0.35000000000000003,0.058,-34.142723344334875,0.022817091218154725,0.017009563134919265
0.35000000000000003,0.059000000000000004,-34.61879863515774,0.022091937468355416,0.016410737350456322
0.35000000000000003,0.06,-35.07907998440103,0.021397343351187263,0.01584060489134086
0.35000000000000003,0.061,-35.52379651105018,0.020731677575699634,0.015297444514852591
0.35000000000000003,0.062,-35.95318496034042,0.020093415762473327,0.014779657989134184
0.35000000000000003,0.063,-36.36748848977596,0.019481132070123565,0.014285759960728577
0.35000000000000003,0.064,-36.766955565222894,0.018893491586308764,0.013814368761976743
0.35000000000000003,0.065,-37.15183895816612,0.01832924340364407,0.01336419806170797
0.35000000000000003,0.066,-37.52239483590565,0.017787214310199365,0.012934049273518985
0.35000000000000003,0.067,-37.878881937092125,0.01726630303234765,0.012522804645475352
0.35000000000000003,0.068,-38.22156082559177,0.01676547497479044,0.0121294209634524
0.35000000000000003,0.069,-38.550693216210966,0.01628375740876267,0.011752923807715317
0.35000000000000003,0.07,-38.866541366315865,0.01582023506483245,0.011392402308847221
0.35000000000000003,0.07100000000000001,-39.16936752784929,0.01537404609146312,0.01104700435488191
0.35000000000000003,0.07200000000000001,-39.45943345467887,0.014944378344684825,0.010715932206580637
0.35000000000000003,0.073,-39.73699996061207,0.01453046597790534,0.010398438482292499
0.35000000000000003,0.074,-40.00232652378394,0.01413158630413977,0.01009382247782794
0.35000000000000003,0.075,-40.255670933465865,0.013747056905811742,0.009801426790317118
0.35000000000000003,0.076,-40.497288975661235,0.01337623296982189,0.009520634218172775
0.35000000000000003,0.077,-40.72743415414543,0.01301850482783543,0.009250864912079364
0.35000000000000003,0.078,-40.946357443879855,0.01267329568374346,0.008991573754426073
0.35000000000000003,0.079,-41.15430707397643,0.01234005951203426,0.008742247946828187
0.35000000000000003,0.08,-41.35152833762198,0.01201827911239811,0.00850240478736963
0.35000000000000003,0.081,-41.538263426581054,0.01170746430730424,0.008271589620977054
0.35000000000000003,0.082,-41.714751288093765,0.011407150270553224,0.008049373947926902
0.35000000000000003,0.083,-41.881227502163306,0.011116895975938736,0.007835353676912073
0.35000000000000003,0.084,-42.037924177394856,0.010836282756165464,0.00762914751037318
0.35000000000000003,0.085,-42.185069863698516,0.010564912963078122,0.007430395450947038
0.35000000000000003,0.08600000000000001,-42.322889480311304,0.010302408721071927,0.007238757418916192
0.35000000000000003,0.08700000000000001,-42.451604257720085,0.010048410766288006,0.007053911971471137
0.35000000000000003,0.088,-42.571431692187616,0.009802577364856927,0.006875555115432057
0.35000000000000003,0.089,-42.68258551169097,0.009564583304048128,0.006703399205829808
0.35000000000000003,0.09,-42.78527565218444,0.009334118950719447,0.006537171923424897
0.35000000000000003,0.091,-42.87970824318768,0.00911088937194528,0.006376615324856443
0.35000000000000003,0.092,-42.96608560178729,0.008894613513140024,0.0062214849596671255
0.35000000000000003,0.093,-43.04460623421494,0.008685023429389864,0.006071549048951478
0.35000000000000003,0.094,-43.11546484423867,0.008481863566065244,0.005926587720828476
0.35000000000000003,0.095,-43.17885234766726,0.008284890085112214,0.005786392298350613
0.35000000000000003,0.096,-43.23495589232857,0.008093870233716648,0.005650764635834361
0.35000000000000003,0.097,-43.28395888293718,0.00790858175230432,0.005519516499935364
0.35000000000000003,0.098,-43.32604101031788,0.0077288123190843916,0.005392468992098933
0.35000000000000003,0.099,-43.361378284496,0.007554359028566634,0.005269452009295875
0.35000000000000003,0.1,-43.390143071209685,0.0073850279016857865,0.005150303740207771
0.35000000000000003,0.11,-43.35266465481332,0.005935381293414782,0.004140405277925534
0.35000000000000003,0.12,-42.82078882049097,0.0048366264386322955,0.003386500297734225
0.35000000000000003,0.13,-41.91504440410281,0.003989400072916014,0.0028111185037973884
0.35000000000000003,0.14,-40.73042495224454,0.0033262107421769896,0.002363533502656377
0.35000000000000003,0.15,-39.34131599830929,0.002800103224281039,0.00200952833279902
0.35000000000000003,0.16,-37.80568696639618,0.002377725053945876,0.0017254186719635764
0.35000000000000003,0.16999999999999998,-36.1685306496341,0.002034950654369548,0.001494435347624878
0.35000000000000003,0.18,-34.464629989624555,0.001754044350296376,0.0013044652340408924
0.35000000000000003,0.19,-32.72075827090945,0.001521777538793554,0.0011466009979292791
0.35000000000000003,0.2,-30.95741672572812,0.0013281531094755828,0.0010141870103143624
0.35000000000000003,0.21000000000000002,-29.190201110441052,0.0011655252925864448,0.000902177783274809
0.35000000000000003,0.22,-27.43087387729745,0.0010279822890950118,0.000806697982849
0.35000000000000003,0.22999999999999998,-25.68820430971809,0.0009109067384112278,0.0007247352632762512
0.35000000000000003,0.24,-23.968626547656392,0.0008106585283551191,0.0006539223277136843
0.35000000000000003,0.25,-22.276755045258938,0.0007243430333210653,0.0005923799932807838
0.35000000000000003,0.26,-20.615788556872115,0.0006496398227992652,0.0005386026411400946
0.35000000000000003,0.27,-18.987826991040954,0.000584674713363302,0.0004913735532016434
0.35000000000000003,0.28,-17.39412012914194,0.0005279232497358887,0.00044970161125202463
0.35000000000000003,0.29,-15.835263013988962,0.000478137221788632,0.00041277345891716004
0.35000000000000003,0.3,-14.311349543902264,0.0004342882356269152,0.0003799169875604723
0.35000000000000003,0.31,-12.822093265272443,0.0003955240290152778,0.00035057320562675935
0.35000000000000003,0.32,-11.366922382865653,0.0003611343945261773,0.00032427437770493655
0.35000000000000003,0.33,-9.945054475000777,0.00033052440585186027,0.000300626897162541
0.35000000000000003,0.34,-8.55555521037774,0.0003031932389063464,0.00027929776446609857
0.35000000000000003,0.35,-7.197384437039812,0.00027871731062822106,0.00026000383506737514
0.35000000000000003,0.36,-5.869432291768987,0.0002567367732060505,0.00024250321140714283
0.35000000000000003,0.37,-4.570547414056642,0.00023694463320011246,0.00022658830718549127
0.35000000000000003,0.38,-3.2995589072778184,0.00021907793701573681,0.00021208022505922046
0.35000000000000003,0.39,-2.055293343600924,0.00020291059278419895,0.0001988241727952682
0.35000000000000003,0.39999999999999997,-0.8365878374913709,0.00018824749556585978,0.0001866857056579901
0.35000000000000003,0.41,0.3577000008546538,0.00017491969624416337,0.00017554763011859792
0.35000000000000003,0.42,1.5286845888153655,0.0001627804105489621,0.0001653074399069854
0.35000000000000003,0.43,2.6774468604123745,0.00015170170771531378,0.00015587518290619782
0.35000000000000003,0.44,3.8050303145711015,0.00014157175156209118,0.00014717167854519915
0.35000000000000003,0.45,4.912438298491444,0.0001322924926355699,0.0001391270217348218
0.35000000000000003,0.46,6.000632267342299,0.0001237777302698512,0.0001316793221651083
0.35000000000000003,0.47,7.070530813294704,0.00011595147928759137,0.00012477363779473698
0.35000000000000003,0.48,8.123009298106199,0.00010874658859389417,0.00011836106925479945
0.35000000000000003,0.49,9.1588999563263,0.0001021035688550709,0.00011239798814191213
0.35000000000000003,0.5,10.178992362474395,9.596959437461162e-05,0.00010684537715486199
0.4,0.0,0.0,1.0,1.0
0.4,0.001,0.5943834532198807,0.8097235388176438,0.8145651794600451
0.4,0.002,1.0954265310710727,0.672294561622113,0.6797406207239908
0.4,0.003,1.4871788932412202,0.5684503419429737,0.5770318376396323
0.4,0.004,1.7579581665852078,0.4875433448450693,0.496267520245332
0.4,0.005,1.9011113601669383,0.42305074853411595,0.43124927754006803
0.4,0.006,1.9146572476948351,0.3707076702602295,0.37794400249625193
0.4,0.007,1.800545031532956,0.3275918007970781,0.33359839003411124
0.4,0.008,1.5637716596599462,0.29162861670130336,0.29626146960142247
0.4,0.009000000000000001,1.2115146584235965,0.26130411729654085,0.26450867871193856
0.4,0.01,0.75237023448004,0.23548851176602145,0.23727368837158216
0.4,0.011,0.19573318912263607,0.2133230904915715,0.21374145345489584
0.4,0.012,-0.4486791705835929,0.19414497509824552,0.19327777796714016
0.4,0.013000000000000001,-1.17117489992019,0.17743556163113852,0.17538153708965032
0.4,0.014,-1.9623296577589366,0.16278431831103254,0.15965143093280165
0.4,0.015,-2.813146373907025,0.14986283459034258,0.14576232697453592
0.4,0.016,-3.7151528251784236,0.13840588873419515,0.13344808831115662
0.4,0.017,-4.6604539834469785,0.12819742464419376,0.12248888645607191
0.4,0.018000000000000002,-5.641752362780954,0.11906002627014371,0.11270167675871515
0.4,0.019,-6.652346395663657,0.11084692390406707,0.10393294442190909
0.4,0.02,-7.686114251598025,0.10343585904045775,0.09605310745895244
0.4,0.021,-8.737488462863455,0.09672433049475067,0.08895214692013456
0.4,0.022,-9.801425166264432,0.09062587844984352,0.08253615862691695
0.4,0.023,-10.873370613815538,0.08506715625942517,0.07672460554637928
0.4,0.024,-11.949226761430626,0.0799856056005244,0.07144810903515904
0.4,0.025,-13.025317137636199,0.07532759762090863,0.06664665893321821
0.4,0.026000000000000002,-14.098353763543162,0.07104693680080147,0.062268152394239426
0.4,0.027,-15.165405593735484,0.0671036491923285,0.05826719303976355
0.4,0.028,-16.223868739705644,0.06346299514122589,0.05460409796145856
0.4,0.029,-17.27143859641348,0.06009466035230033,0.05124407193392971
0.4,0.03,-18.306083898947048,0.05697208950822732,0.04815651708739755
0.4,0.031,-19.326022675920548,0.054071934495318705,0.04531445302771344
0.4,0.032,-20.329700028945776,0.05137359527865243,0.04269402754789076
0.4,0.033,-21.315767645957017,0.048858836072150504,0.040274102056328025
0.4,0.034,-22.2830649452053,0.046511463009938726,0.038035898945434826
0.4,0.035,-23.230601742745893,0.04431705229632695,0.03596270055456069
0.4,0.036000000000000004,-24.157542336722194,0.042262719980558465,0.03403959130081651
0.4,0.037,-25.063190904981095,0.04033692620926751,0.0322532360780033
0.4,0.038,-25.946978117378602,0.03852930815982776,0.03059168924554876
0.4,0.039,-26.80844886978509,0.03683053693133756,0.02904422951278071
0.4,0.04,-27.647251052775506,0.03523219452769747,0.027601216819883406
0.4,0.041,-28.463125273977745,0.03372666775569295,0.02625396796455241
0.4,0.042,-29.25589545886896,0.032307056416085056,0.02499464825290357
0.4,0.043000000000000003,-30.0254602603417,0.03096709361521707,0.023816176888136854
0.4,0.044,-30.77178521256742,0.02970107639017846,0.02271214416924862
0.4,0.045,-31.494895569539047,0.028503805139024434,0.021676738869267086
0.4,0.046,-32.19486977318438,0.02737053059219745,0.0207046844095833
0.4,0.047,-32.871833500122946,0.026296907262600352,0.019791182653151256
0.4,0.048,-33.52595424000695,0.02527895247802142,0.01893186431200007
0.4,0.049,-34.15743636197041,0.024313010237402528,0.018122745109561838
0.4,0.05,-34.76651662902676,0.02339571924704046,0.017360186960565367
0.4,0.051000000000000004,-35.35346012332979,0.022523984588441973,0.01664086353457003
0.4,0.052000000000000005,-35.91855654806217,0.02169495254961382,0.015961729656790657
0.4,0.053,-36.46211687436024,0.020905988218806404,0.015319994074292726
0.4,0.054,-36.984470304139286,0.020154655496370227,0.014713095179053453
0.4,0.055,-37.48596152195924,0.01943869922823897,0.014138679333550883
0.4,0.056,-37.96694821118964,0.018756029205101485,0.01359458149091704
0.4,0.057,-38.42779881169447,0.018104705805777752,0.013078807841484116
0.4,0.058,-38.868890498079466,0.017482927092666613,0.012589520251771867
0.4,0.059000000000000004,-39.290607359237946,0.016889017192206552,0.012125022291452051
0.4,0.06,-39.693338761492456,0.016321415814762704,0.011683746669287733
0.4,0.061,-40.07747787908723,0.01577866878678713,0.011264243921072765
0.4,0.062,-40.443420377123545,0.015259419483962155,0.010865172211689969
0.4,0.063,-40.791563233276186,0.014762401067719156,0.010485288129985088
0.4,0.064,-41.12230368577229,0.014286429439353664,0.010123438369575027
0.4,0.065,-41.43603829617648,0.013830396836205803,0.009778552201274212
0.4,0.066,-41.73316211649754,0.013393266003272739,0.009449634653789878
0.4,0.067,-42.014067951034356,0.012974064881361477,0.009135760328923794
0.4,0.068,-42.27914570420329,0.012571881759639114,0.008836067785911445
0.4,0.069,-42.52878180635011,0.01218586084633297,0.008549754436889498
0.4,0.07,-42.7633587102476,0.01181519821649232,0.008276071901945398
0.4,0.07100000000000001,-42.98325445162077,0.011459138100247124,0.008014321777886508
0.4,0.07200000000000001,-43.18884226762786,0.011116969478972586,0.007763851779871476
0.4,0.073,-43.380490267764316,0.01078802296026485,0.007524052219460348
0.4,0.074,-43.55856115214918,0.01047166790571483,0.007294352786537427
0.4,0.075,-43.72341197260278,0.010167309788188292,0.007074219606007149
0.4,0.076,-43.87539393233763,0.009874387757726383,0.006863152543213995
0.4,0.077,-44.01485222046054,0.009592372397312386,0.006660682734741976
0.4,0.078,-44.14212587782597,0.009320763651641016,0.006466370323649342
0.4,0.079,-44.257547691095695,0.00905908891370664,0.0062798023803268994
0.4,0.08,-44.361444112145655,0.008806901255521409,0.0061005909920656244
0.4,0.081,-44.45413520022032,0.008563777790606193,0.005928371506109111
0.4,0.082,-44.53593458447367,0.008329318157085633,0.005762800912473142
0.4,0.083,-44.607149444752224,0.008103143111280525,0.0056035563541596296
0.4,0.084,-44.66808050867198,0.007884893222640903,0.005450333753594146
0.4,0.085,-44.719022063221566,0.007674227661714319,0.005302846545191396
0.4,0.08600000000000001,-44.760261979287385,0.007470823073607481,0.005160824504915874
0.4,0.08700000000000001,-44.79208174764362,0.007274372530085166,0.005024012668568149
0.4,0.088,-44.814756525087766,0.007084584554067086,0.004892170331301665
0.4,0.089,-44.82855518952499,0.0069011822108387055,0.004765070121570782
0.4,0.09,-44.83374040291357,0.0067239022607924505,0.004642497143336352
0.4,0.091,-44.830568681091144,0.006552494368967511,0.004524248180918035
0.4,0.092,-44.81929046958967,0.006386720367064521,0.004410130961389883
0.4,0.093,-44.80015022463286,0.006226353563980426,0.004299963469872991
0.4,0.094,-44.773386498587904,0.006071178101243082,0.0041935733134917715
0.4,0.095,-44.739232029209994,0.005920988350027946,0.004090797130133331
0.4,0.096,-44.697913832085504,0.00577558834671408,0.003991480038486494
0.4,0.097,-44.64965329573395,0.005634791264186203,0.00389547512614217
0.4,0.098,-44.594666278883736,0.005498418916316449,0.003802642972813047
0.4,0.099,-44.53316320948241,0.005366301293265924,0.0037128512059811172
0.4,0.1,-44.465349185048545,0.0052382761254342524,0.0036259740865087586
0.4,0.11,-43.48137584688562,0.0041514752877201645,0.002893389656473855
0.4,0.12,-42.05498498772093,0.0033402489582030643,0.0023513775025155166
0.4,0.13,-40.31968006367896,0.0027234745245842485,0.0019409070226986686
0.4,0.14,-38.37612627487247,0.002246888008767196,0.0016237540891294667
0.4,0.15,-36.29965178032991,0.0018732883619494223,0.0013743896902748845
0.4,0.16,-34.14622008648395,0.0015766201761777435,0.0011752997402098232
0.4,0.16999999999999998,-31.957083697376174,0.001338285998710329,0.001014182763980665
0.4,0.18,-29.76236469432449,0.001144785518064319,0.0008822169053107502
0.4,0.19,-27.58378869458614,0.0009861682442624886,0.0007729573281627554
0.4,0.2,-25.43676270188677,0.0008549980415044191,0.0006816167948597405
0.4,0.21000000000000002,-23.331949987622554,0.0007456471725642632,0.0006045855697887656
0.4,0.22,-21.27646196381364,0.0006538068406419433,0.0005391044808324187
0.4,0.22999999999999998,-19.27475956161181,0.0005761426086230064,0.00048303816393391915
0.4,0.24,-17.32933476791454,0.0005100483944584653,0.00043471515070581107
0.4,0.25,-15.441225948084341,0.0004534685651607172,0.00039281336579416513
0.4,0.26,-13.610407510393703,0.00040476773580139003,0.00035627698612414506
0.4,0.27,-11.836084520664949,0.0003626344205816258,0.0003242552903527471
0.4,0.28,-10.116915350429204,0.0003260089946429776,0.0002960571439960036
0.4,0.29,-8.451179769491338,0.00029402931003810734,0.000271116746413506
0.4,0.3,-6.836905626358112,0.00026598926607069727,0.0002489675871004206
0.4,0.31,-5.271964051938304,0.00024130697858430302,0.00022922245324999234
0.4,0.32,-3.754140709727697,0.00021950012744637786,0.0002115579445262546
0.4,0.33,-2.2811888001495912,0.00020016671856402135,0.0001957023778391287
0.4,0.34,-0.850868158136963,0.0001829699635646561,0.00018142626524320456
0.4,0.35,0.5390262506236639,0.00016762631516234496,0.00016853476176970975
0.4,0.36,1.8906439118168343,0.00015389593872325275,0.00015686163364982968
0.4,0.37,3.2060644936983067,0.00014157507768094646,0.00014626440896364765
0.4,0.38,4.487288249625002,0.00013048990092890447,0.00013662045453168923
0.4,0.39,5.7362299584321255,0.00012049151718688904,0.00012782378334089058
0.4,0.39999999999999997,6.954715532265152,0.00011145191379832233,0.00011978244188932575
0.4,0.41,8.14448062298695,0.00010326063200707438,0.00011241636072324629
0.4,0.42,9.307170712960446,9.582203217230652e-05,0.00010565557710084578
0.4,0.43,10.444342294989445,8.90530339970141e-05,9.943875828632507e-05
0.4,0.44,11.557464837891995,8.288124113645784e-05,9.371196900285959e-05
0.4,0.45,12.647923304976704,7.724337832595573e-05,8.842763818385158e-05
0.4,0.46,13.71702104743176,7.208398375970297e-05,8.354368918964795e-05
0.4,0.47,14.765982937025575,6.735431085676194e-05,7.90228047177429e-05
0.4,0.48,15.795958635369539,6.301140251036895e-05,7.48318031880553e-05
0.4,0.49,16.80802592247195,5.901730799173361e-05,7.094110777649579e-05
0.4,0.5,17.803194027072383,5.533841829321377e-05,6.732429276076745e-05
0.45,0.0,0.0,1.0,1.0
0.45,0.001,0.635529217762514,0.8003615991427565,0.8054806641065814
0.45,0.002,1.163961138030005,0.6577496960157466,0.6654958086031053
0.45,0.003,1.5634974944975197,0.551064412378996,0.5598171393261276
0.45,0.004,1.8191874113814857,0.46871819782720325,0.4774030540887363
0.45,0.005,1.923340871438118,0.40365269872120935,0.4115685651487058
0.45,0.006,1.874661923807128,0.351278249854453,0.357989339697042
0.45,0.007,1.6769592065398564,0.3084678442181787,0.3137289507412144
0.45,0.008,1.3377748542064478,0.2730149600136876,0.2767168078869621
0.45,0.009000000000000001,0.8671386437671932,0.24331944060597,0.24544781344664748
0.45,0.01,0.276543052126818,0.21819503397360027,0.21880011047717068
0.45,0.011,-0.4218420024420684,0.19674614005599017,0.19591966860277835
0.45,0.012,-1.2157374401472523,0.1782860259064023,0.17614457041507964
0.45,0.013000000000000001,-2.0931452581153183,0.16228096557082233,0.15895383099476282
0.45,0.014,-3.042601543862472,0.14831116532839542,0.14393189137918197
0.45,0.015,-4.053328334113586,0.1360428778128327,0.13074341781360532
0.45,0.016,-5.115313498494051,0.12520815863060872,0.11911505037979317
0.45,0.017,-6.219341010424398,0.11558995208110066,0.10882194427261287
0.45,0.018000000000000002,-7.356988123655495,0.10701095920670205,0.09967768384433914
0.45,0.019,-8.520601325575354,0.09932523190556286,0.09152661401826807
0.45,0.02,-9.703259408115619,0.09241175853111407,0.0842379333391781
0.45,0.021,-10.89872939673277,0.08616952194461906,0.0777010903671884
0.45,0.022,-12.101419205262902,0.08051365812177984,0.07182215773232593
0.45,0.023,-13.306329559773198,0.07537244550534318,0.06652094882800125
0.45,0.024,-14.509006811989023,0.07068492716064428,0.061728705128585235
0.45,0.025,-15.705497629882856,0.0663990190323775,0.057386226577386804
0.45,0.026000000000000002,-16.89230612541913,0.062469994560735445,0.05344234931399892
0.45,0.027,-18.066353695698304,0.05885926285381213,0.04985269809002041
0.45,0.028,-19.224941669527116,0.05553337743633067,0.046578657669014006
0.45,0.029,-20.36571673527138,0.05246322731082306,0.043586520093764784
0.45,0.03,-21.48663905558034,0.049623373081780636,0.04084677415355763
0.45,0.031,-22.585952934813815,0.04699149920037474,0.03833351054942069
0.45,0.032,-23.662159885143033,0.04454795969776055,0.03602392173898348
0.45,0.033,-24.7139939301147,0.042275399601324634,0.03389787967580789
0.45,0.034,-25.74039898511011,0.040158437943440164,0.03193757795232989
0.45,0.035,-26.74050815937876,0.03818340114981616,0.03012722743844435
0.45,0.036000000000000004,-27.71362483208722,0.03633809783639699,0.028452796547097363
0.45,0.037,-28.659205363770088,0.03461162780028846,0.026901788878944028
0.45,0.038,-29.576843313882105,0.03299421937391218,0.0254630522939876
0.45,0.039,-30.466255044341846,0.03147709040734524,0.02412661450016102
0.45,0.04,-31.32726659776965,0.03005232901589132,0.022883541091231165
0.45,0.041,-32.15980174741727,0.02871279092738393,0.021725812650853986
0.45,0.042,-32.96387112352586,0.027452010824130818,0.020646218098318903
0.45,0.043000000000000003,-33.73956232802685,0.026264125526742132,0.019638261909608587
0.45,0.044,-34.48703095614947,0.025143807233785925,0.018696083224548438
0.45,0.045,-35.206492449650895,0.024086205329753474,0.01781438516254895
0.45,0.046,-35.89821471208907,0.02308689551785957,0.016988372928055717
0.45,0.047,-36.56251142184685,0.02214183523448651,0.01621369950211997
0.45,0.048,-37.199735983530196,0.021247324467081937,0.015486417896338022
0.45,0.049,-37.810276062933866,0.020399971233758446,0.014802939096096422
0.45,0.05,-38.39454865502314,0.019596661096065702,0.014159994946704446
0.45,0.051000000000000004,-38.95299563834125,0.018834530170690162,0.013554605342738762
0.45,0.052000000000000005,-39.48607977294431,0.018110941184614007,0.012984049171139536
0.45,0.053,-39.99428110240116,0.017423462184298064,0.012445838535042286
0.45,0.054,-40.47809372359582,0.016769847564979023,0.011937695850269233
0.45,0.055,-40.93802289104299,0.0161480211330025,0.011457533461702018
0.45,0.056,-41.374582425188855,0.015556060953728894,0.011003435473954938
0.45,0.057,-41.7882923967355,0.014992185771155532,0.010573641531140062
0.45,0.058,-42.17967706139704,0.014454742813986505,0.010166532315124443
0.45,0.059000000000000004,-42.54926302169543,0.013942196827265664,0.00978061656140847
0.45,0.06,-42.89757759443035,0.013453120189540414,0.009414519417342991
0.45,0.061,-43.225147364329715,0.012986183993400747,0.00906697198946989
0.45,0.062,-43.53249690610997,0.012540149982601579,0.008736801945837092
0.45,0.063,-43.82014765875961,0.012113863252210911,0.008422925055641949
0.45,0.064,-44.08861693731515,0.011706245629653727,0.008124337562866924
0.45,0.065,-44.33841706873191,0.01131628966440992,0.00784010930300092
0.45,0.066,-44.570054639674034,0.010943053162700068,0.007569377482753604
0.45,0.067,-44.78402984516699,0.010585654210945691,0.007311341052093978
0.45,0.068,-44.980835928075535,0.010243266638280487,0.00706525560617
0.45,0.069,-45.160958700301364,0.009915115874052152,0.006830428761856591
0.45,0.07,-45.324876137447305,0.009600475161205421,0.00660621595997464
0.45,0.07100000000000001,-45.47305803946522,0.009298662090773444,0.006392016649743364
0.45,0.07200000000000001,-45.60596575051124,0.009009035426510192,0.0061872708168748645
0.45,0.073,-45.72405193187201,0.00873099219204193,0.00599145582098128
0.45,0.074,-45.8277603824075,0.008463964995861658,0.0058040835117171155
0.45,0.075,-45.917525901483984,0.008207419572089314,0.005624697596387799
0.45,0.076,-45.993774189852694,0.007960852517216436,0.005452871234676085
0.45,0.077,-46.056921784361556,0.0077237892050862214,0.005288204838720088
0.45,0.078,-46.10737602278552,0.007495781864161072,0.005130324059061947
0.45,0.079,-46.1455350354168,0.007276407802728694,0.004978877939011503
0.45,0.08,-46.17178776038106,0.00706526776911957,0.0048335372217665155
0.45,0.081,-46.18651397993919,0.006861984435274279,0.004693992796227381
0.45,0.082,-46.190084375301055,0.00666620099312795,0.00455995426886436
0.45,0.083,-46.18286059771771,0.006477579854286774,0.004431148650259691
0.45,0.084,-46.165195353836864,0.006295801444372571,0.004307319146074199
0.45,0.085,-46.1374325035045,0.006120563084218102,0.0041882240431939475
0.45,0.08600000000000001,-46.09990716837287,0.005951577950818935,0.004073635682711309
0.45,0.08700000000000001,-46.05294584983949,0.005788574111596829,0.003963339512198679
0.45,0.088,-45.99686655498495,0.005631293626112847,0.0038571332104528453
0.45,0.089,-45.93197892931283,0.005479491709893353,0.00375482587853313
0.45,0.09,-45.85858439521367,0.0053329359555049066,0.0036562372914952725
0.45,0.091,-45.776976295183445,0.005191405606440429,0.003561197205742808
0.45,0.092,-45.687440038926226,0.005054690879764151,0.0034695447173851007
0.45,0.093,-45.59025325355918,0.004922592333810901,0.0033811276674117333
0.45,0.094,-45.485685936218815,0.004794920277550185,0.003295802089871774
0.45,0.095,-45.37400060844024,0.004671494218510917,0.0032134316995880317
0.45,0.096,-45.2554524717479,0.004552142346421265,0.0031338874162446014
0.45,0.097,-45.130289563955166,0.0044367010499530325,0.003057046921964483
0.45,0.098,-44.99875291572527,0.0043250144641732826,0.002982794249745737
0.45,0.099,-44.86107670699456,0.004216934046500061,0.002911019400352454
0.45,0.1,-44.71748842290374,0.004112318179135722,0.002841617985463107
0.45,0.11,-43.00076779279941,0.0032292212952816732,0.0022581845853867338
0.45,0.12,-40.89809310577498,0.0025767024790524875,0.0018287702993383353
0.45,0.13,-38.549794956763535,0.002085162457681886,0.0015049913703102853
0.45,0.14,-36.0579507522046,0.001708537344051425,0.0012557423763959938
0.45,0.15,-33.49601870267152,0.0014155644644005371,0.0010603795365263645
0.45,0.16,-30.916233762591833,0.0011845547837464113,0.0009048188675321391
0.45,0.16999999999999998,-28.355189270722907,0.0010001649051478575,0.000779216571476779
0.45,0.18,-25.838005832018542,0.0008513492165372924,0.0006765437920827834
0.45,0.19,-23.381424919588504,0.0007300295396219144,0.0005916851261020022
0.45,0.2,-20.99609523745508,0.0006302124723136618,0.0005208535623210555
0.45,0.21000000000000002,-18.68825819147656,0.0005473925672436593,0.00046120195509193984
0.45,0.22,-16.46098837926473,0.0004781417971318853,0.0004105596249748263
0.45,0.22999999999999998,-14.315105538837042,0.00041982270328576034,0.00036725041831250476
0.45,0.24,-12.249844288690372,0.0003703850615558185,0.000329964877815992
0.45,0.25,-10.263345391202092,0.00032821982368535683,0.000297669023664092
0.45,0.26,-8.353015476591304,0.00029205290195054014,0.00026953832402904887
0.45,0.27,-6.515789763819296,0.0002608670391729906,0.00024490926627068066
0.45,0.28,-4.748323192846519,0.00023384372071612422,0.0002232434024605884
0.45,0.29,-3.047128685623075,0.0002103195535417015,0.00020410035313390043
0.45,0.3,-1.4086763393112942,0.00018975320080740296,0.00018711732334666587
0.45,0.31,0.17053625177839968,0.00017170009601956955,0.00017199340712939398
0.45,0.32,1.6939349998760203,0.00015579294538614873,0.00015847745038513367
0.45,0.33,3.1648360588508564,0.0001417265753764794,0.00014635858463833725
0.45,0.34,4.586424136114629,0.00012924606985135695,0.00013545878422556573
0.45,0.35,5.961739291234438,0.00011813741752356966,0.00012562696995155903
0.45,0.36,7.293669920259506,0.00010822008961844799,0.0001167343044702163
0.45,0.37,8.584950211168383,9.934111233699718e-05,0.00010867041320490962
0.45,0.38,9.83816079268154,9.137030483493398e-05,0.000101340329387954
0.45,0.39,11.05573162485232,8.419643186074879e-05,9.466200959192385e-05
0.45,0.39999999999999997,12.239946423892603,7.772407861583543e-05,8.856430169385829e-05
0.45,0.41,13.392948096609334,7.187109923660291e-05,8.298527389752791e-05
0.45,0.42,14.516744797135745,6.656652342443175e-05,7.787083361116709e-05
0.45,0.43,15.613216321805998,6.174883094981217e-05,7.317358033846762e-05
0.45,0.44,16.68412063557198,5.7364523051401624e-05,6.885184851795922e-05
0.45,0.45,17.731100381646826,5.3366934614005224e-05,6.48689053355221e-05
0.45,0.46,18.755689269818898,4.9715242526604316e-05,6.119227559417993e-05
0.45,0.47,19.75931827167489,4.637363459611349e-05,5.779317124089626e-05
0.45,0.48,20.743321575466986,4.331061042359939e-05,5.464600748420095e-05
0.45,0.49,21.708942271572894,4.049839118665268e-05,5.1727990860887184e-05
0.45,0.5,22.657337752948845,3.791241965363561e-05,4.9018767329904136e-05
0.5,0.0,0.0,1.0,1.0
0.5,0.001,0.6670852245648878,0.7933319050386841,0.7986596455285675
0.5,0.002,1.2166799768528915,0.646926055071205,0.6548940194757739
0.5,0.003,1.6221255554854526,0.5382361614750549,0.5471109886386313
0.5,0.004,1.8657970189678514,0.45493983309043207,0.46358947163239816
0.5,0.005,1.9392069490690922,0.38956337285153175,0.3972672061189633
0.5,0.006,1.8416725432281122,0.3372678694490644,0.3435957785625416
0.5,0.007,1.5785396751632272,0.2947713632575187,0.29949907498287015
0.5,0.008,1.1593979087693418,0.25976908154452405,0.2628161666849774
0.5,0.009000000000000001,0.5965293881311682,0.23059801018986176,0.23198185010084368
0.5,0.01,-0.09631739345233867,0.20603166446074453,0.20583341108433406
0.5,0.011,-0.9048322388286317,0.1851488883556124,0.18348862412990197
0.5,0.012,-1.8147734694644047,0.16724699378572955,0.16426593910351245
0.5,0.013000000000000001,-2.812383063282642,0.15178260232535007,0.14763066257488214
0.5,0.014,-3.8846423944583193,0.13833040271066643,0.13315770216103243
0.5,0.015,-5.019414622254962,0.12655382952796748,0.1205051751461097
0.5,0.016,-6.20550920357759,0.11618386511995882,0.10939532797423385
0.5,0.017,-7.432694649381335,0.1070034891368454,0.09960048892570675
0.5,0.018000000000000002,-8.691678150375104,0.09883612290502287,0.09093255765936648
0.5,0.019,-9.974065023518744,0.09153694225352206,0.08323502658008161
0.5,0.02,-11.272306788910013,0.08498627752803924,0.076376845219236
0.5,0.021,-12.579643739798763,0.0790845504638927,0.070247646765234
0.5,0.022,-13.890045813041962,0.07374835494918243,0.06475399533181787
0.5,0.023,-15.198154157660207,0.06890739763710568,0.0598164077722973
0.5,0.024,-16.499224847642946,0.0645020908279084,0.05536696996247305
0.5,0.025,-17.789075553400934,0.06048164438636686,0.05134741409779285
0.5,0.026000000000000002,-19.06403557462019,0.05680254252411782,0.04770755690413194
0.5,0.027,-20.320899375161357,0.05342731964434252,0.044404022843742036
0.5,0.028,-21.556883598783664,0.05032357024273253,0.041399194149163
0.5,0.029,-22.769587448828773,0.0474631432382029,0.038660342699274666
0.5,0.03,-23.95695626235953,0.044821482573688856,0.03615890864472544
0.5,0.031,-25.11724808395124,0.042377084542876885,0.033869898188971265
0.5,0.032,-26.249003035948757,0.04011104881904825,0.03177137866793834
0.5,0.033,-27.351015283699166,0.038006705131009094,0.029844053497604054
0.5,0.034,-28.422307401637756,0.03604930134250099,0.02807090300110996
0.5,0.035,-29.462106956376303,0.03422574163354677,0.026436879823900528
0.5,0.036000000000000004,-30.469825134424394,0.032524365766910604,0.02492864977277345
0.5,0.037,-31.445037253874336,0.030934762207404834,0.023534370603628882
0.5,0.038,-32.38746501075171,0.02944760926344308,0.022243502631500288
0.5,0.039,-33.29696032151104,0.028054539527093213,0.021046646119630877
0.5,0.04,-34.173490633227395,0.02674802376746581,0.01993540127876929
0.5,0.041,-35.017125582394364,0.025521271133152314,0.01890224741718259
0.5,0.042,-35.82802489191555,0.024368143081243673,0.017940438359929402
0.5,0.043000000000000003,-36.60642740392921,0.023283078902906297,0.01704391172902938
0.5,0.044,-37.352641153592316,0.022261031081499873,0.016207210064935588
0.5,0.045,-38.067034395925106,0.021297409016590912,0.01542541209041822
0.5,0.046,-38.75002750433967,0.020388029889835246,0.01469407268347934
0.5,0.047,-39.402085665567505,0.01952907564745277,0.01400917034649251
0.5,0.048,-40.023712301421945,0.018717055237471737,0.013367061142601677
0.5,0.049,-40.61544315318103,0.01794877137485247,0.012764438224114383
0.5,0.05,-41.17784096939968,0.017221291219397503,0.012198296206506105
0.5,0.051000000000000004,-41.711490742658015,0.016531920444310604,0.011665899750029348
0.5,0.052000000000000005,-42.21699544515334,0.01587818025082045,0.01116475580230068
0.5,0.053,-42.69497221714825,0.015257786949201999,0.010692589032487584
0.5,0.054,-43.146048966119935,0.014668633781042334,0.010247320053181581
0.5,0.055,-43.57086133802054,0.01410877470351674,0.00982704608165532
0.5,0.056,-43.97005002536753,0.013576409895235555,0.009430023739550963
0.5,0.057,-44.34425837995437,0.013069872776093542,0.009054653730451813
0.5,0.058,-44.69413030080748,0.01258761836148351,0.008699467169341881
0.5,0.059000000000000004,-45.02030837063498,0.012128212795031798,0.008363113367567234
0.5,0.06,-45.32343221642696,0.011690323924340579,0.008044348902336988
0.5,0.061,-45.604137072082,0.01127271280163045,0.007742027821675041
0.5,0.062,-45.86305252297184,0.010874226006122506,0.007455092854586965
0.5,0.063,-46.10080141421877,0.010493788697861208,0.007182567512487263
0.5,0.064,-46.31799890616511,0.010130398323774374,0.006923548982016272
0.5,0.065,-46.515251662069666,0.00978311890635855,0.006677201721581067
0.5,0.066,-46.69315715448711,0.009451075853689168,0.00644275168454923
0.5,0.067,-46.852303078075714,0.009133451236671315,0.0062194811012363975
0.5,0.068,-46.99326685775545,0.008829479485725985,0.006006723759851002
0.5,0.069,-47.116615242205576,0.008538443464581167,0.005803860733557452
0.5,0.07,-47.222903973660664,0.00825967088361946,0.0056103165069323595
0.5,0.07100000000000001,-47.3126775258411,0.00799253101941953,0.00542555546043721
0.5,0.07200000000000001,-47.38646890265165,0.007736431710798976,0.005249078676217467
0.5,0.073,-47.44479949100236,0.007490816604890427,0.005080421032650626
0.5,0.074,-47.48817896175732,0.0072551626296198796,0.004919148558679468
0.5,0.075,-47.51710521340877,0.007028977671457466,0.004764856022146615
0.5,0.076,-47.53206435360552,0.0068117984395192005,0.004617164729148405
0.5,0.077,-47.533530714147844,0.006603188499051619,0.004475720513898337
0.5,0.078,-47.52196689549688,0.006402736459061364,0.004340191900774343
0.5,0.079,-47.49782383723807,0.006210054300386943,0.004210268422156287
0.5,0.08,-47.46154091129591,0.006024775831873899,0.004085659077371262
0.5,0.081,-47.4135460350151,0.005846555263528453,0.003966090919581924
0.5,0.082,-47.35425580151626,0.005675065886606431,0.0038513077588004313
0.5,0.083,-47.28407562499227,0.005509998851559523,0.0037410689704084647
0.5,0.084,-47.20339989884888,0.0053510620356236535,0.0036351483996297958
0.5,0.085,-47.112612164807466,0.005197978992606145,0.003533333353351749
0.5,0.08600000000000001,-47.012085291277124,0.0050504879781200045,0.0034354236715392486
0.5,0.08700000000000001,-46.902181659479716,0.004908341044134214,0.003341230871241778
0.5,0.088,-46.78325335596683,0.004771303197266321,0.0032505773568700944
0.5,0.089,-46.65564237030929,0.004639151615744881,0.0031632956910248996
0.5,0.09,-46.51968079686792,0.004511674920420852,0.0030792279207021694
0.5,0.091,-46.3756910396703,0.004388672495613866,0.0029982249541861843
0.5,0.092,-46.223986019520275,0.0042699538559466494,0.002920145984378123
0.5,0.093,-46.06486938256459,0.004155338055652786,0.0028448579547005015
0.5,0.094,-45.8986357096232,0.004044653137143095,0.0027722350640707995
0.5,0.095,-45.72557072566766,0.003937735615887811,0.0027021583077555447
0.5,0.096,-45.545951508902235,0.0038344299989180727,0.002634515051202604
0.5,0.097,-45.36004669896328,0.003734588334473846,0.0025691986342079795
0.5,0.098,-45.16811670381153,0.0036380697905284316,0.0025061080030067723
0.5,0.099,-44.970413904940344,0.0035447402601043523,0.002445147368088982
0.5,0.1,-44.76718286057166,0.003454471991463405,0.0023862258857316305
0.5,0.11,-42.47738148948019,0.0026954366525015878,0.0018918347770874812
0.5,0.12,-39.85219199808142,0.002138490295496359,0.0015291074561961074
0.5,0.13,-37.03630533101722,0.0017215979755366953,0.001256307933418155
0.5,0.14,-34.13186960774059,0.0014040060736345147,0.0010467356324342855
0.5,0.15,-31.209908090059038,0.0011582489289308252,0.0008827450196336039
0.5,0.16,-28.31888462641037,0.0009653963929553156,0.0007523416337088543
0.5,0.16999999999999998,-25.4910296862565,0.0008121384886280755,0.0006471685591061965
0.5,0.18,-22.74696673246178,0.0006889477945722461,0.0005612748020681201
0.5,0.19,-20.099073979309026,0.0005888931063741099,0.0004903394229963554
0.5,0.2,-17.5539167113556,0.0005068570409822051,0.00043116984543080156
0.5,0.21000000000000002,-15.1140017385778,0.000439010033522779,0.000381369795934785
0.5,0.22,-12.779039808277926,0.0003824504807009292,0.000339114858001174
0.5,0.22999999999999998,-10.54685184839885,0.0003349545897863086,0.00030299785492368144
0.5,0.24,-8.414017776379795,0.0002947999167696915,0.0002719204793034796
0.5,0.25,-6.37633935739695,0.000260639186096655,0.00024501612639721965
0.5,0.26,-4.4291687711669665,0.00023140892172664036,0.00022159414313995064
0.5,0.27,-2.567640198631973,0.00020626250582811607,0.00020109900688820484
0.5,0.28,-0.7868313855436013,0.00018452059501458478,0.00018308006361340135
0.5,0.29,0.9181253233577785,0.00016563401563489397,0.0001671688350421784
0.5,0.3,2.5519683654458634,0.00014915572973591063,0.0001530618189347002
0.5,0.31,4.1192585235245485,0.00013471946249674955,0.0001405073223487777
0.5,0.32,5.624349242475408,0.00012202326945598063,0.00012929528800759203
0.5,0.33,7.071370300364764,0.00011081680042843018,0.00011924936457861614
0.5,0.34,8.464220907887603,0.00010089135378421459,0.00011022067522109326
0.5,0.35,9.806569380896057,9.207205420102206e-05,0.00010208288294282954
0.5,0.36,11.10185731114623,8.421165889647916e-05,9.47282545499545e-05
0.5,0.37,12.35330673026178,7.718562189448898e-05,8.806449965767147e-05
0.5,0.38,13.563929178795927,7.088813691123914e-05,8.201221577722297e-05
0.5,0.39,14.73653589766509,6.522894653617812e-05,7.650281069730998e-05
0.5,0.39999999999999997,15.873748583146822,6.0130755219305647e-05,7.147680326483623e-05
0.5,0.41,16.97801031085571,5.552712087493298e-05,6.688242606909425e-05
0.5,0.42,18.05159635448288,5.136072802827115e-05,6.26744704514824e-05
0.5,0.43,19.09662471317856,4.7581966770798355e-05,5.8813327135127703e-05
0.5,0.44,20.115066225746208,4.414775809269608e-05,5.526418563161469e-05
0.5,0.45,21.108754196528675,4.1020578692706354e-05,5.19963631895155e-05
0.5,0.46,22.079393491581463,3.816764805716738e-05,4.8982739954730396e-05
0.5,0.47,23.028569087840022,3.556024813755667e-05,4.619928162455253e-05
0.5,0.48,23.957754074996714,3.317315185045286e-05,4.3624634500103934e-05
0.5,0.49,24.868317121574524,3.0984141257793725e-05,4.1239780703342945e-05
0.5,0.5,25.761529424595935,2.8973599946636606e-05,3.902774359717998e-05
0.55,0.0,0.0,1.0,1.0
0.55,0.001,0.6914145172016908,0.7879984057936096,0.7934846740215652
0.55,0.002,1.257764455664669,0.6387664849015519,0.6469030009096212
0.55,0.003,1.6684308374100658,0.5286243247710638,0.5375937039070235
0.55,0.004,1.9035772431929343,0.4446762466966617,0.45330526251611447
0.55,0.005,1.9540114976962788,0.3791263444267624,0.3866821582586771
0.55,0.006,1.8194684609000389,0.32694387234796707,0.33300275240184773
0.55,0.007,1.5064369587492061,0.2847288316891561,0.2890836953171313
0.55,0.008,1.026044555151769,0.25010253992209674,0.25269530635406673
0.55,0.009000000000000001,0.39226890298244754,0.22135539774298413,0.22222712565090436
0.55,0.01,-0.3794413983676342,0.19723162612650852,0.1964860766098225
0.55,0.011,-1.2731601318768155,0.17679185993261204,0.17456931303653958
0.55,0.012,-2.273158723134771,0.15932235778917386,0.15578120376674573
0.55,0.013000000000000001,-3.364339051721951,0.14427331673066288,0.1395774578101551
0.55,0.014,-4.532490913810993,0.1312159875357832,0.1255265098810027
0.55,0.015,-5.764427597531765,0.11981227933028402,0.11328220844366399
0.55,0.016,-7.048039589789712,0.10979285648298902,0.10256409823450995
0.55,0.017,-8.372295169734201,0.10094112499928629,0.09314292443579873
0.55,0.018000000000000002,-9.727207944388908,0.09308137318220226,0.08482980194791527
0.55,0.019,-11.103784979640457,0.08606988630477498,0.07746800554143778
0.55,0.02,-12.49396461677078,0.07978821850943564,0.07092666596047828
0.55,0.021,-13.890549887795391,0.07413804807133177,0.06509587331378446
0.55,0.022,-15.287141272295777,0.06903720739448874,0.05988283396795338
0.55,0.023,-16.67807108026979,0.06441659324444837,0.055208826001359214
0.55,0.024,-18.05834078226003,0.06021774264518691,0.051006766863045304
0.55,0.025,-19.42356198326062,0.056390916526005336,0.04721925522026344
0.55,0.026000000000000002,-20.769901340457334,0.052893573817091755,0.0437969835447507
0.55,0.027,-22.094029480221675,0.049689148101657934,0.04069744303893845
0.55,0.028,-23.393073824594445,0.04674606042954443,0.03788386088508892
0.55,0.029,-24.66457515629714,0.04403691774858434,0.03532432344422899
0.55,0.03,-25.906447710435458,0.04153785819466027,0.03299104926714369
0.55,0.031,-27.116942564894472,0.039228013310627266,0.030859783534048557
0.55,0.032,-28.29461409986176,0.03708906392795135,0.028909291468059622
0.55,0.033,-29.438289303519458,0.035104871509411106,0.02712093283857746
0.55,0.034,-30.547039711732,0.03326117062606551,0.025478303222739716
0.55,0.035,-31.62015578212945,0.031545311225353805,0.023966930473453236
0.55,0.036000000000000004,-32.657123515976934,0.029946041658767675,0.02257401703359039
0.55,0.037,-33.65760315389036,0.02845332523900908,0.021288220473509884
0.55,0.038,-34.62140978346977,0.027058184508479084,0.020099466015101538
0.55,0.039,-35.54849570813581,0.02575256851363704,0.01899878591724669
0.55,0.04,-36.43893443688623,0.02452923926128265,0.01797818149380913
0.55,0.041,-37.292906164378174,0.023381674234740142,0.017030504261265844
0.55,0.042,-38.11068461977216,0.022303982409599715,0.01614935330384036
0.55,0.043000000000000003,-38.892625171221184,0.021290831660255204,0.015328986426751408
0.55,0.044,-39.63915408081596,0.020337385813210044,0.014564243064262485
0.55,0.045,-40.35075881226785,0.019439249899012998,0.013850477235406184
0.55,0.046,-41.0279793006573,0.018592422395749358,0.013183499109855503
0.55,0.047,-41.67140010023893,0.017793253454220354,0.012559523969997348
0.55,0.048,-42.28164333258796,0.017038408256914203,0.0119751275412854
0.55,0.049,-42.859362363318496,0.016324834796413234,0.01142720681819654
0.55,0.05,-43.405236141209706,0.015649735469391454,0.010912945643059585
0.55,0.051000000000000004,-43.91996413885479,0.01501054197413562,0.010429784404096547
0.55,0.052000000000000005,-44.40426183889966,0.014404893076008733,0.009975393310814555
0.55,0.053,-44.85885671458322,0.013830614869229886,0.009547648782345755
0.55,0.054,-45.28448465762139,0.013285703216993799,0.009144612549855545
0.55,0.055,-45.681886810519,0.012768308097099359,0.008764513129697754
0.55,0.056,-46.051806764141055,0.012276719618360852,0.008405729371213132
0.55,0.057,-46.39498808485116,0.011809355505331829,0.008066775823286434
0.55,0.058,-46.712172138734026,0.011364749876253738,0.007746289698108347
0.55,0.059000000000000004,-47.004096183378145,0.010941543162450525,0.00744301923995482
0.55,0.06,-47.27149170041523,0.010538473037284678,0.0071558133319667904
0.55,0.061,-47.51508294450761,0.010154366239813946,0.006883612195529746
0.55,0.062,-47.735585686761524,0.009788131192891649,0.006625439055452133
0.55,0.063,-47.933706132631045,0.009438751328011653,0.006380392660175276
0.55,0.064,-48.11013999628209,0.0091052790400236,0.006147640560094105
0.55,0.065,-48.26557171512151,0.008786830204195633,0.0059264130590469845
0.55,0.066,-48.400673789772426,0.00848257919619878,0.005715997764414051
0.55,0.067,-48.516106236211066,0.00819175436261307,0.00551573467027495
0.55,0.068,-48.612516138078576,0.007913633895664662,0.005325011715912246
0.55,0.069,-48.69053728835993,0.007647542071226263,0.005143260768770483
0.55,0.07,-48.75078991068764,0.0073928458137603095,0.004969953986932838
0.55,0.07100000000000001,-48.79388045149239,0.007148951555949298,0.004804600521376882
0.55,0.07200000000000001,-48.82040143509501,0.006915302364320116,0.004646743522820078
0.55,0.073,-48.83093137462031,0.006691375305296894,0.004495957421951573
0.55,0.074,-48.82603473232601,0.006476679028867711,0.004351845455344201
0.55,0.075,-48.80626192357985,0.006270751549474372,0.004214037412413965
0.55,0.076,-48.77214935929921,0.006073158205873319,0.004082187581498235
0.55,0.077,-48.72421952218674,0.005883489783606807,0.0039559728755067395
0.55,0.078,-48.66298107256903,0.0057013607853977225,0.0038350911197015712
0.55,0.079,-48.58892898006782,0.0055264078362661775,0.003719259486019653
0.55,0.08,-48.50254467771776,0.00535828821148478,0.003608213059993962
0.55,0.081,-48.40429623548848,0.005196678476662516,0.0035017035277849417
0.55,0.082,-48.29463855047888,0.005041273230292011,0.0033994979721239096
0.55,0.083,-48.17401355133535,0.004891783940027172,0.003301377767115958
0.55,0.084,-48.04285041469386,0.004747937864790782,0.0032071375628684395
0.55,0.085,-47.90156579167754,0.004609477055556473,0.003116584351817491
0.55,0.08600000000000001,-47.75056404268449,0.004476157428316608,0.003029536609432818
0.55,0.08700000000000001,-47.59023747888714,0.004347747903345925,0.002945823502701439
0.55,0.088,-47.420966609031204,0.004224029605408041,0.002865284160434525
0.55,0.089,-47.24312039027284,0.00410479512003493,0.0027877670000167293
0.55,0.09,-47.05705648192952,0.003989847801444376,0.0027131291057322714
0.55,0.091,-46.86312150114123,0.0038790011280521483,0.0026412356542632833
0.55,0.092,-46.661651279551286,0.0037720781018893176,0.0025719593833696663
0.55,0.093,-46.452971120214606,0.0036689106885544327,0.0025051801001311474
0.55,0.094,-46.23739605403237,0.0035693392946190743,0.0024407842254660092
0.55,0.095,-46.015231095092126,0.003473212279666729,0.0023786643719413123
0.55,0.096,-45.786771494368,0.003380385500381815,0.0023187189521598024
0.55,0.097,-45.55230299129921,0.0032907218843205906,0.0022608518152524887
0.55,0.098,-45.312102062827215,0.003204091031190798,0.002204971909225754
0.55,0.099,-45.066436169525616,0.003120368839644272,0.0021509929671104542
0.55,0.1,-44.8155639985026,0.0030394371577480554,0.0020988332150399824
0.55,0.11,-42.06891890790595,0.0023607830250245844,0.0016617167521032004
0.55,0.12,-39.029071476188676,0.0018652847261142976,0.0013416508549679571
0.55,0.13,-35.84415486347515,0.0014960578211559044,0.0011013045225681287
0.55,0.14,-32.616183777479435,0.001215929206547252,0.0009168784471942694
0.55,0.15,-29.413985307041724,0.000999970450144719,0.0007726911799928228
0.55,0.16,-26.282751231814427,0.000831079732238696,0.0006581102519005953
0.55,0.16999999999999998,-23.250986917594187,0.0006972844184245943,0.0005657434766756065
0.55,0.18,-20.335515856947485,0.000590048623848208,0.0004903362233886514
0.55,0.19,-17.545059234964416,0.0005031854552920999,0.0004280787798032983
0.55,0.2,-14.882783525037373,0.0004321426829207796,0.0003761596556603271
0.55,0.21000000000000002,-12.348106402567435,0.0003735244427463269,0.00033247061717970434
0.55,0.22,-9.937972182988073,0.00032476527019229353,0.00029540773196337714
0.55,0.22999999999999998,-7.647748988908487,0.0002839043248092655,0.0002637345671190186
0.55,0.24,-5.471856679952819,0.00024942666282472975,0.00023648646252772245
0.55,0.25,-3.404203379778604,0.00022015009782098567,0.0002129024649147266
0.55,0.26,-1.4384860635727916,0.00019514351777238822,0.0001923762127621752
0.55,0.27,0.4316052963570763,0.0001736672058753287,0.00017442001188452898
0.55,0.28,2.2122518948399414,0.00015512875022710753,0.00015863822741912767
0.55,0.29,3.909418519074232,0.00013905012975209624,0.00014470734551616597
0.55,0.3,5.528799935738828,0.00012504290259634786,0.0001323608703089314
0.55,0.31,7.075791034770845,0.00011278933036530122,0.00012137776756055604
0.55,0.32,8.555473443783823,0.00010202789394956135,0.00011157353839744468
0.55,0.33,9.972613412326304,9.254208870211386e-05,0.0001027932634832082
0.55,0.34,11.331667257481502,8.41516899426044e-05,9.490613767033396e-05
0.55,0.35,12.63679173220224,7.670589480226152e-05,8.780114229222447e-05
0.55,0.36,13.891857446027224,7.00779004378339e-05,8.138359318796003e-05
0.55,0.37,15.100464020141096,6.41605899861048e-05,7.557236826515271e-05
0.55,0.38,16.265956056062652,5.886307884082292e-05,7.029766635925724e-05
0.55,0.39,17.391439283049767,5.410793356653801e-05,6.54991844633794e-05
0.55,0.39999999999999997,18.479796454681264,4.982892005192101e-05,6.112462663837695e-05
0.55,0.41,19.533702712324096,4.5969170593094114e-05,5.712847756464952e-05
0.55,0.42,20.555640238370554,4.247968449778667e-05,5.347098853240905e-05
0.55,0.43,21.547912096813825,3.931809566997076e-05,5.0117334950334614e-05
0.55,0.44,22.51265521131254,3.644765502776552e-05,4.703691309485493e-05
0.55,0.45,23.451852467451953,3.383638665599648e-05,4.42027504866912e-05
0.55,0.46,24.367343950867408,3.145638512736825e-05,4.159100945355338e-05
0.55,0.47,25.260837349478408,2.928322805387861e-05,3.918056747679424e-05
0.55,0.48,26.13391755863637,2.729548310668593e-05,3.6952661092259265e-05
0.55,0.49,26.988055534234796,2.5474292807328114e-05,3.489058262141318e-05
0.55,0.5,27.82461644202016,2.3803023601066314e-05,3.2979420998774325e-05
0.6000000000000001,0.0,0.0,1.0,1.0
0.6000000000000001,0.001,0.7102672630069292,0.7839177312131362,0.7895254721750968
0.6000000000000001,0.002,1.2900433771163562,0.6325516062424901,0.6408184421143261
0.6000000000000001,0.003,1.7055160661913884,0.5213351941512326,0.530380926057152
0.6000000000000001,0.004,1.9350134508266443,0.43692562599717255,0.44554702077900366
0.6000000000000001,0.005,1.9686909905715029,0.37127657812484993,0.37873265375773074
0.6000000000000001,0.006,1.8065144720229966,0.3192090453003835,0.32508169313272356
0.6000000000000001,0.007,1.4557756963185846,0.2772324791426664,0.2813279835541915
0.6000000000000001,0.008,0.9287204637267419,0.24291201644193144,0.2451891381426979
0.6000000000000001,0.009000000000000001,0.24057691483664137,0.21450303160217737,0.21502032085636547
0.6000000000000001,0.01,-0.5919406600661891,0.19072800693519484,0.18960565397552928
0.6000000000000001,0.011,-1.5516929952799559,0.17063428491423166,0.16802702139309741
0.6000000000000001,0.012,-2.621825976724165,0.15350023231701052,0.149578543215384
0.6000000000000001,0.013000000000000001,-3.7862178546294123,0.13877161053307036,0.13370909298134753
0.6000000000000001,0.014,-5.029739253023502,0.1260174377014379,0.11998262453823069
0.6000000000000001,0.015,-6.338384951207043,0.11489878076736561,0.1080501465393578
0.6000000000000001,0.016,-7.699320795286529,0.10514632399780789,0.09762951448660355
0.6000000000000001,0.017,-9.100876412037858,0.09654401174605835,0.0884905923041751
0.6000000000000001,0.018000000000000002,-10.532504811859257,0.08891696629424753,0.0804441792444637
0.6000000000000001,0.019,-11.984723036221192,0.08212245900443928,0.07333362692505563
0.6000000000000001,0.02,-13.449043139908502,0.07604309084800613,0.06702841094413435
0.6000000000000001,0.021,-14.91789945879612,0.0705815906008475,0.061419144391996625
0.6000000000000001,0.022,-16.38457586366961,0.06565681028831924,0.05641366976774329
0.6000000000000001,0.023,-17.843135210256882,0.061200615580081656,0.051933967533099756
0.6000000000000001,0.024,-19.288352225933767,0.05715545138719079,0.047913690080099006
0.6000000000000001,0.025,-20.7156504551005,0.05347242131352892,0.0442961795856103
0.6000000000000001,0.026000000000000002,-22.12104350029486,0.05010976138508636,0.04103286374634145
0.6000000000000001,0.027,-23.501080564075185,0.0470316186620764,0.0380819491192025
0.6000000000000001,0.028,-24.852796163099992,0.04420706735148678,0.03540735066416726
0.6000000000000001,0.029,-26.17366381430419,0.04160931123353027,0.03297781008782362
0.6000000000000001,0.03,-27.461553459724925,0.03921503323007322,0.03076616608353539
0.6000000000000001,0.031,-28.714692385893915,0.03700386192557969,0.028748747512552818
0.6000000000000001,0.032,-29.9316293959735,0.03495793161647606,0.026904866643317402
0.6000000000000001,0.033,-31.111202001883864,0.03306151759640617,0.025216394245192817
0.6000000000000001,0.034,-32.25250641591115,0.03130073230351166,0.0236674019659607
0.6000000000000001,0.035,-33.3548701345918,0.029663270967737167,0.022243860263819953
0.6000000000000001,0.036000000000000004,-34.41782692092797,0.028138197725495893,0.020933382401761593
0.6000000000000001,0.037,-35.441094003642384,0.02671576498130709,0.019725006784564684
0.6000000000000001,0.038,-36.42455132404211,0.025387260214151094,0.01860901133099574
0.6000000000000001,0.039,-37.368222672087406,0.02414487554216873,0.017576754705347773
0.6000000000000001,0.04,-38.27225856353389,0.022981596242089928,0.016620540143654522
0.6000000000000001,0.041,-39.13692071961125,0.021891105121722168,0.01573349834716921
0.6000000000000001,0.042,-39.96256801972889,0.02086770020478187,0.01490948651488046
0.6000000000000001,0.043000000000000003,-40.74964380622889,0.019906223637785388,0.014143001075860936
0.6000000000000001,0.044,-41.498664428309034,0.01900200009208347,0.01342910208294646
0.6000000000000001,0.045,-42.21020891995489,0.018150783228564886,0.01276334755881086
0.6000000000000001,0.046,-42.884909714081275,0.01734870903217521,0.012141736357527683
0.6000000000000001,0.047,-43.523444302106256,0.016592255019215064,0.011560658330000492
0.6000000000000001,0.048,-44.12652775486888,0.01587820448104843,0.011016850768828733
0.6000000000000001,0.049,-44.6949060271675,0.015203615060187742,0.010507360264177618
0.6000000000000001,0.05,-45.22934997422723,0.014565791064132005,0.010029509232615093
0.6000000000000001,0.051000000000000004,-45.73065001411003,0.013962259013116138,0.009580866490175042
0.6000000000000001,0.052000000000000005,-46.1996113754567,0.01339074599351889,0.009159221332763997
0.6000000000000001,0.053,-46.63704987499694,0.01284916045182798,0.008762560664430612
0.6000000000000001,0.054,-47.043788173986364,0.012335575116993147,0.00838904877939988
0.6000000000000001,0.055,-47.42065246713241,0.011848211783504632,0.008037009459136808
0.6000000000000001,0.056,-47.768469561665015,0.011385427725070856,0.007704910092690391
0.6000000000000001,0.057,-48.088064308000654,0.010945703540520898,0.007391347568535638
0.6000000000000001,0.058,-48.3802573469471,0.01052763226049161,0.007095035720200693
0.6000000000000001,0.059000000000000004,-48.64586314162977,0.010129909566371756,0.006814794137069243
0.6000000000000001,0.06,-48.885688265276585,0.009751324992517544,0.006549538176660172
0.6000000000000001,0.061,-49.100529918721485,0.009390753999465784,0.006298270036052135
0.6000000000000001,0.062,-49.291174653968724,0.009047150820198005,0.006060070758481032
0.6000000000000001,0.063,-49.45839728242635,0.00871954199382146,0.0058340930669452075
0.6000000000000001,0.064,-49.60295994848664,0.008407020511639853,0.00561955493028659
0.6000000000000001,0.065,-49.72561135100558,0.008108740509744878,0.005415733778996133
0.6000000000000001,0.066,-49.82708609694425,0.00782391245018487,0.005221961298187752
0.6000000000000001,0.067,-49.90810417297645,0.007551798739640137,0.005037618734025375
0.6000000000000001,0.068,-49.969370522276556,0.007291709740508021,0.004862132657564836
0.6000000000000001,0.069,-50.01157471496078,0.0070430001345027325,0.004694971136650783
0.6000000000000001,0.07,-50.035390701810144,0.006805065603414631,0.004535640272327114
0.6000000000000001,0.07100000000000001,-50.04147664193275,0.006577339795642465,0.004383681061296798
0.6000000000000001,0.07200000000000001,-50.03047479596372,0.006359291550588884,0.004238666550404044
0.6000000000000001,0.073,-50.003011477240634,0.006150422356060628,0.004100199252995536
0.6000000000000001,0.074,-49.95969705415621,0.005950264016497297,0.003967908800421508
0.6000000000000001,0.075,-49.9011259975752,0.005758376512215137,0.0038414498049256043
0.6000000000000001,0.076,-49.82787696782065,0.005574346031936398,0.003720499912799025
0.6000000000000001,0.077,-49.74051293629308,0.005397783162716724,0.0036047580289865874
0.6000000000000001,0.078,-49.63958133728677,0.005228321223013143,0.0034939426963702448
0.6000000000000001,0.079,-49.525614246020524,0.005065614726080402,0.0033877906147543
0.6000000000000001,0.08,-49.399128579309064,0.004909337962166613,0.0032860552861661927
0.6000000000000001,0.081,-49.260626315665625,0.004759183689120042,0.0031885057744934185
0.6000000000000001,0.082,-49.11059473195948,0.004614861922035023,0.0030949255687234547
0.6000000000000001,0.083,-48.94950665404885,0.004476098813471064,0.0030051115401592316
0.6000000000000001,0.084,-48.77782071908022,0.004342635616588403,0.0029188729849646705
0.6000000000000001,0.085,-48.59598164738366,0.0042142277242668705,0.002836030744268158
0.6000000000000001,0.08600000000000001,-48.404420522115636,0.004090643777922937,0.002756416394829248
0.6000000000000001,0.08700000000000001,-48.2035550749958,0.003971664840320708,0.0026798715039669033
0.6000000000000001,0.088,-47.99378997666083,0.0038570836271942396,0.0026062469430660003
0.6000000000000001,0.089,-47.775517130320694,0.003746703792967334,0.0025354022545312294
0.6000000000000001,0.09,-47.549115967544914,0.003640339266278869,0.0024672050675516094
0.6000000000000001,0.091,-47.314953745137316,0.003537813631401841,0.002401530558481148
0.6000000000000001,0.092,-47.07338584217552,0.0034389595519872004,0.0023382609520376098
0.6000000000000001,0.093,-46.824756056396346,0.0033436182338732246,0.002277285059877041
0.6000000000000001,0.094,-46.5693968992057,0.0032516389239811176,0.002218497853421091
0.6000000000000001,0.095,-46.30762988867538,0.00316287844257089,0.0021618000681013737
0.6000000000000001,0.096,-46.039765839968894,0.003077200746361119,0.002107097836443487
0.6000000000000001,0.097,-45.766105152707524,0.002994476520224383,0.0020543023476461203
0.6000000000000001,0.098,-45.48693809485252,0.002914582795359169,0.0020033295315205276
0.6000000000000001,0.099,-45.202545082733614,0.002837402592010767,0.0019540997648450787
0.6000000000000001,0.1,-44.9131969569091,0.002762824584969946,0.0019065375983606863
0.6000000000000001,0.11,-41.79724946469866,0.0021387013559352663,0.0015082812706234544
0.6000000000000001,0.12,-38.42187785036791,0.0016846633014830285,0.001217049882319994
0.6000000000000001,0.13,-34.93831000602547,0.0013474429970494251,0.0009985622296509102
0.6000000000000001,0.14,-31.448612275416394,0.0010923636254701124,0.0008310195190051519
0.6000000000000001,0.15,-28.019903676834634,0.0008962540589408588,0.0007000896213789584
0.6000000000000001,0.16,-24.694746972597,0.0007432712349381884,0.0005960726117047498
0.6000000000000001,0.16999999999999998,-21.498626988049203,0.0006223582506363672,0.0005122348013838735
0.6000000000000001,0.18,-18.445276236518268,0.000525654818914456,0.000443795510987537
0.6000000000000001,0.19,-15.540439067824083,0.00044747892289846253,0.0003872920394873913
0.6000000000000001,0.2,-12.784516716742877,0.0003836601251046348,0.0003401709173150009
0.6000000000000001,0.21000000000000002,-10.174416581458223,0.0003310944690676222,0.00030051846820793027
0.6000000000000001,0.22,-7.704838567065034,0.0002874419742806348,0.00026687935110886597
0.6000000000000001,0.22999999999999998,-5.369164573369066,0.00025091765378898386,0.0002381319571099652
0.6000000000000001,0.24,-3.1600688808142543,0.00022014494937064777,0.00021340132064567708
0.6000000000000001,0.25,-1.0699326241968514,0.0001940514987919086,0.00019199725749639146
0.6000000000000001,0.26,0.9088789898851721,0.00017179404267066647,0.0001733697640307555
0.6000000000000001,0.27,2.7838354001637304,0.0001527036685639774,0.00015707641747906867
0.6000000000000001,0.28,4.562126238208166,0.00013624543267334535,0.0001427582439791221
0.6000000000000001,0.29,6.250593205116665,0.00012198826893698273,0.00013012164354691215
0.6000000000000001,0.3,7.855693834801233,0.00010958234230457372,0.00011892470285479341
0.6000000000000001,0.31,9.383486971528257,9.87418460814069e-05,0.00010896672447590449
0.6000000000000001,0.32,10.839632802912439,8.923182043637765e-05,0.0001000801401357311
0.6000000000000001,0.33,12.229402419253352,8.085796904193783e-05,9.212420932596547e-05
0.6000000000000001,0.34,13.557693377268127,7.345873093897616e-05,8.498006798867466e-05
0.6000000000000001,0.35,14.829048814101178,6.68990630321762e-05,7.854680745100358e-05
0.6000000000000001,0.36,16.047678414595545,6.106553041986521e-05,7.273834632166e-05
0.6000000000000001,0.37,17.217480071637503,5.586240411248953e-05,6.74809176633318e-05
0.6000000000000001,0.38,18.342061459721997,5.1208540234029686e-05,6.271103722361413e-05
0.6000000000000001,0.39,19.42476101081515,4.703486955047577e-05,5.837385050361314e-05
0.6000000000000001,0.39999999999999997,20.468667971076176,4.3282366709434645e-05,5.4421780203170475e-05
0.6000000000000001,0.41,21.476641349775548,3.9900398824770675e-05,5.0813413372323475e-05
0.6000000000000001,0.42,22.451327664005053,3.684537577772449e-05,4.751258102535221e-05
0.6000000000000001,0.43,23.395177446103563,3.407964181658333e-05,4.448759318332224e-05
0.6000000000000001,0.44,24.310460523412097,3.1570561151241486e-05,4.171060012989881e-05
0.6000000000000001,0.45,25.199280107980297,2.9289760295672452e-05,3.915705669404567e-05
0.6000000000000001,0.46,26.063585751448247,2.721249767035779e-05,3.680527105206596e-05
0.6000000000000001,0.47,26.905185230606417,2.5317136997954696e-05,3.463602319511663e-05
0.6000000000000001,0.48,27.72575543430122,2.358470572423941e-05,3.263224107835596e-05
0.6000000000000001,0.49,28.526852324001098,2.1998523382711826e-05,3.077872473510644e-05
0.6000000000000001,0.5,29.309920039605974,2.0543887728149897e-05,2.906191044013552e-05
0.65,0.0,0.0,1.0,1.0
0.65,0.001,0.7249492715083126,0.7807722222909548,0.7864737580706923
0.65,0.002,1.3155405575972963,0.6277759861572977,0.6361447280599433
0.65,0.003,1.735400992974404,0.515751516911511,0.524859941548875
0.65,0.004,1.9613381097529008,0.4310065491979432,0.43962916352372183
0.65,0.005,1.9829069884211383,0.3652995267557574,0.37268961518028715
0.65,0.006,1.8001658413787827,0.3133362967719141,0.3190802708136809
0.65,0.007,1.4209522904112364,0.2715563557388471,0.2754706624260004
0.65,0.008,0.858313574991714,0.2374817229979266,0.23953770765999632
0.65,0.009000000000000001,0.12839392429991056,0.2093411038865088,0.2096102306874225
0.65,0.01,-0.7511520963170124,0.1858405884501674,0.18445505047178598
0.65,0.011,-1.7622737564973543,0.1660176194159055,0.16314260018714014
0.65,0.012,-2.887262255285291,0.14914478670350276,0.14495942785749577
0.65,0.013000000000000001,-4.109210368467036,0.1346646930715174,0.12934945197923153
0.65,0.014,-5.41227585168274,0.12214485205564447,0.11587346072245401
0.65,0.015,-6.781811714237316,0.11124585872602553,0.10418053125351967
0.65,0.016,-8.204409224706552,0.10169855685937032,0.0939874424601075
0.65,0.017,-9.667885758970469,0.09328742257397492,0.08506357346853868
0.65,0.018000000000000002,-11.1612393550834,0.08583831550453198,0.07721964598679747
0.65,0.019,-12.674584514349487,0.07920934361554077,0.07029921073767367
0.65,0.02,-14.199078698373073,0.0732839768232846,0.06417212613145944
0.65,0.021,-15.726845511552208,0.06796580404580077,0.05872950545343968
0.65,0.022,-17.250898249094615,0.06317450428963683,0.053879761462829266
0.65,0.023,-18.765065976306914,0.05884272356395016,0.04954548130818957
0.65,0.024,-20.263923330189062,0.0549136339774906,0.04566093676049731
0.65,0.025,-21.74272462021778,0.05133901110112478,0.04217008553182892
0.65,0.026000000000000002,-23.19734242832041,0.04807770832816598,0.03902495571780609
0.65,0.027,-24.624210684745503,0.045094437728644556,0.036184331664669306
0.65,0.028,-26.02027207081786,0.04235878929305193,0.03361267881507838
0.65,0.029,-27.382929534437515,0.039844436913880114,0.03127925936348348
0.65,0.03,-28.71000167561254,0.03752849163839248,0.029157401250739966
0.65,0.031,-29.99968175196527,0.0353909718213568,0.02722389112373483
0.65,0.032,-31.25050005844834,0.03341436664615399,0.025458468067758935
0.65,0.033,-32.46128944565194,0.03158327466280827,0.023843399679244925
0.65,0.034,-33.63115375369227,0.029884102941512572,0.02236312573982163
0.65,0.035,-34.75943895188765,0.028304815471980195,0.02100395763897896
0.65,0.036000000000000004,-35.84570678730146,0.026834721780554013,0.019753823963366106
0.65,0.037,-36.88971075737927,0.025464298556507923,0.01860205446824295
0.65,0.038,-37.89137423321213,0.02418503850103137,0.017539196077724077
0.65,0.039,-38.85077057048066,0.022989321730057025,0.016556855706024075
0.65,0.04,-39.768105054973006,0.02187030594528054,0.01564756561354152
0.65,0.041,-40.643698538840695,0.02082183228926535,0.014804667756597082
0.65,0.042,-41.47797263256914,0.019838344360585406,0.014022214194507401
0.65,0.043000000000000003,-42.271436326063686,0.018914818314238767,0.01329488111084293
0.65,0.044,-43.02467392034983,0.01804670233466231,0.012617894409402733
0.65,0.045,-43.73833415918343,0.017229864061827638,0.011986965177115783
0.65,0.046,-44.41312045738172,0.016460544789261518,0.011398233579558478
0.65,0.047,-45.049782129916174,0.01573531944746286,0.010848219981033316
0.65,0.048,-45.64910653275286,0.015051061545751768,0.010333782268940427
0.65,0.049,-46.21191203306705,0.014404912376911369,0.009852078518509201
0.65,0.05,-46.73904173279545,0.013794253897476964,0.00940053426449085
0.65,0.051000000000000004,-47.23135787549764,0.013216684786483803,0.00897681375570831
0.65,0.052000000000000005,-47.689736872185975,0.012669999260335138,0.008578794660119167
0.65,0.053,-48.115064887130266,0.012152168283943896,0.00820454576528346
0.65,0.054,-48.50823392965964,0.011661322870646642,0.007852307284301814
0.65,0.055,-48.8701384026685,0.011195739207374244,0.007520473432416424
0.65,0.056,-49.20167206288704,0.01075382537863779,0.007207576986205059
0.65,0.057,-49.50372535201744,0.01033410949423065,0.006912275577012034
0.65,0.058,-49.77718306156595,0.00993522905211983,0.00663333950407917
0.65,0.059000000000000004,-50.02292229764008,0.009555921390591058,0.0063696408816997
0.65,0.06,-50.241810715133084,0.009195015102970643,0.006120143959396834
0.65,0.061,-50.43470499361451,0.008851422304707588,0.005883896475273644
0.65,0.062,-50.60244952988691,0.00852413165670426,0.0056600219208338
0.65,0.063,-50.74587532458074,0.008212202060899565,0.005447712611185772
0.65,0.064,-50.86579904235544,0.00791475695454104,0.005246223467996865
0.65,0.065,-50.96302222727128,0.00763097913858582,0.005054866434177212
0.65,0.066,-51.03833065670511,0.007360106083458409,0.004873005449316828
0.65,0.067,-51.092493818827236,0.007101425662144772,0.004700051923598525
0.65,0.068,-51.126264500141474,0.006854272266467301,0.004535460655457996
0.65,0.069,-51.140378470933435,0.006618023267491249,0.004378726144823036
0.65,0.07,-51.13555425768736,0.006392095785466981,0.004229379259474845
0.65,0.07100000000000001,-51.11249299262778,0.006175943738605237,0.0040869842170538065
0.65,0.07200000000000001,-51.07187833153035,0.005969055143391163,0.003951135849580124
0.65,0.073,-51.01437643183967,0.0057709496421335365,0.0038214571211624042
0.65,0.074,-50.94063598393496,0.005581176236073819,0.0036975968728976596
0.65,0.075,-50.8512882891091,0.005399311204693819,0.0035792277718874666
0.65,0.076,-50.74694737848013,0.005224956193901605,0.00346604444386082
0.65,0.077,-50.6282101676412,0.005057736457578316,0.003357761771151183
0.65,0.078,-50.49565664238633,0.004897299238563984,0.003254113339763112
0.65,0.079,-50.34985007132444,0.0047433122765743446,0.0031548500210170916
0.65,0.08,-50.1913372416256,0.004595462431795861,0.0030597386748096858
0.65,0.081,-50.020648714529386,0.00445345441402186,0.002968560962895334
0.65,0.082,-49.83829909759518,0.004317009608186165,0.0028811122618085366
0.65,0.083,-49.64478733098658,0.004185864988036222,0.0027972006661200056
0.65,0.084,-49.44059698536714,0.004059772110478565,0.0027166460736744035
0.65,0.085,-49.22619656923862,0.003938496183836409,0.0026392793453051716
0.65,0.08600000000000001,-49.002039843783884,0.0038218152038921606,0.0025649415322763452
0.65,0.08700000000000001,-48.768566143482325,0.0037095191521549793,0.002493483165373303
0.65,0.088,-48.5262007009549,0.0036014092513028456,0.002424763600163706
0.65,0.089,-48.27535497466267,0.00349729727320621,0.002358650413484985
0.65,0.09,-48.01642697823574,0.0033970048953521595,0.0022950188466930453
0.65,0.091,-47.74980161034693,0.00330036310185896,0.002233751291634787
0.65,0.092,-47.475850984166954,0.0032072116256054413,0.0021747368156904336
0.65,0.093,-47.1949347555522,0.0031173984283017963,0.002117870722575396
0.65,0.094,-46.90740044921354,0.0030307792156013787,0.002063054145899975
0.65,0.095,-46.61358378220898,0.0029472169846002515,0.002010193672762459
0.65,0.096,-46.313808984181996,0.00286658160129501,0.0019592009949005677
0.65,0.097,-46.00838911384471,0.002788749405772421,0.0019099925851507036
0.65,0.098,-45.69762637126766,0.002713602843088612,0.0018624893971668358
0.65,0.099,-45.38181240560252,0.002641030117962972,0.001816616586533348
0.65,0.1,-45.06122861791489,0.0025709248715641607,0.001772303251571009
0.65,0.11,-41.6445908557831,0.0019851003680482243,0.0014014657079770697
0.65,0.12,-37.99470768442035,0.0015600635327328704,0.001130524176550723
0.65,0.13,-34.265727267659656,0.001245152766847576,0.0009273794528110329
0.65,0.14,-30.560043034816943,0.0010074796505002417,0.0007716600171704702
0.65,0.15,-26.943585999491773,0.0008251257120517202,0.0006499940154952166
0.65,0.16,-23.45692414339571,0.0006831411047398344,0.0005533436941506523
0.65,0.16999999999999998,-20.123189912558036,0.0005711160743925575,0.00047544198152604285
0.65,0.18,-16.953679680930886,0.0004816660177280976,0.0004118434059040833
0.65,0.19,-13.951776489848225,0.00040946321358388093,0.0003593302589893009
0.65,0.2,-11.115679932093183,0.00035060434072097343,0.00031553093220978393
0.65,0.21000000000000002,-8.440294355960681,0.00030218911816369954,0.0002786686627497973
0.65,0.22,-5.91852648238904,0.0002620345097878539,0.00024739251808929014
0.65,0.22999999999999998,-3.5421702415031744,0.0002284776585900291,0.0002206614542240371
0.65,0.24,-1.3025039628020498,0.00020023792382471315,0.00019766335084692464
0.65,0.25,0.809312350613923,0.00017631892791207084,0.00017775754165079844
0.65,0.26,2.801978292697204,0.0001559380962882322,0.0001604334054841325
0.65,0.27,4.683889989134944,0.00013847535374068116,0.0001452801144789652
0.65,0.28,6.463042752918172,0.0001234353427756315,0.00013196424857991887
0.65,0.29,8.146978560880145,0.00011041930323351367,0.0001202130332824158
0.65,0.3,9.742763772163066,9.910393355536633e-05,0.00010980164881760574
0.65,0.31,11.256986930348319,8.922535139958089e-05,0.00010054352259771779
0.65,0.32,12.695769585774318,8.056681633275407e-05,9.228283205807425e-05
0.65,0.33,14.064785243302218,7.294925435272056e-05,8.48886624176789e-05
0.65,0.34,15.369283061871359,6.622388776817525e-05,7.825041564588168e-05
0.65,0.35,16.614113999491114,6.026646045172519e-05,7.2274174134646e-05
0.65,0.36,17.80375784607344,5.497268166907393e-05,6.687979915934376e-05
0.65,0.37,18.942350111189693,5.025460771132468e-05,6.199859949093112e-05
0.65,0.38,20.033708100628747,4.603775041565075e-05,5.757144582067676e-05
0.65,0.39,21.08135577100054,4.225875291870411e-05,5.3547236310954895e-05
0.65,0.39999999999999997,22.088547128293317,3.886351090618793e-05,4.988164059805526e-05
0.65,0.41,23.058288057349866,3.580564589069871e-05,4.653606605138587e-05
0.65,0.42,23.993356551017104,3.3045258280190136e-05,4.347680252762476e-05
0.65,0.43,24.896321361834346,3.054790405609959e-05,4.067431131206398e-05
0.65,0.44,25.76955913378645,2.828375110572016e-05,3.810263117889373e-05
0.65,0.45,26.61527009271432,2.6226880621667902e-05,3.5738880084185036e-05
0.65,0.46,27.43549238560697,2.4354706204102332e-05,3.356283533752198e-05
0.65,0.47,28.23211516416306,2.2647488902696656e-05,3.155657848144877e-05
0.65,0.48,29.006890508803725,2.108793080360569e-05,2.9704193765763656e-05
0.65,0.49,29.76144428723979,1.966083319159657e-05,2.799151120361775e-05
0.65,0.5,30.497286037789074,1.835280801663074e-05,2.6405886864517665e-05
0.7,0.0,0.0,1.0,1.0
0.7,0.001,0.7364427344488068,0.778330211660365,0.784104693707647
0.7,0.002,1.3357676421125528,0.6240764709338583,0.6325255424581107
0.7,0.003,1.7595533855003374,0.5114356225473196,0.5205957832767374
0.7,0.004,1.9833522403312613,0.42644156248672344,0.43507054386550126
0.7,0.005,1.9961780922144654,0.3606998867464401,0.36804675544779514
0.7,0.006,1.7980916696289535,0.30882651924248977,0.31448117912692186
0.7,0.007,1.3972938915734345,0.26720652835088254,0.2709930983608645
0.7,0.008,0.8074039548559264,0.23332854487337706,0.2352277832986503
0.7,0.009000000000000001,0.045237708480468444,0.20540074178793583,0.20549370242998682
0.7,0.01,-0.8708495240118893,0.18211667873633655,0.18054440861329757
0.7,0.011,-1.922119062221646,0.16250630120014709,0.15944164298717128
0.7,0.012,-3.090209768933186,0.14583788222987842,0.14146627750274254
0.7,0.013000000000000001,-4.3576085604140244,0.13155171610536337,0.12605857677277676
0.7,0.014,-5.707917650834441,0.11921426836305488,0.11277704737012556
0.7,0.015,-7.125984789379064,0.1084858667502963,0.10126942306629984
0.7,0.016,-8.597944259150292,0.09909755992470479,0.09125178252750855
0.7,0.017,-10.111201852233208,0.09083430295576267,0.08249324449083781
0.7,0.018000000000000002,-11.654386288996136,0.08352258181430595,0.07480456844581425
0.7,0.019,-13.217281925751374,0.07702119792418118,0.06802954161599832
0.7,0.02,-14.790752334079643,0.0712143317302821,0.06203838748527798
0.7,0.021,-16.36666078210607,0.06600626933752904,0.056722663427735784
0.7,0.022,-17.937791292667743,0.06131735591868922,0.05199127035245856
0.7,0.023,-19.497772419823583,0.05708086314881236,0.04776730309940336
0.7,0.024,-21.041004905807412,0.05324054404502285,0.04398554364816615
0.7,0.025,-22.56259376891083,0.04974870933996241,0.04059045081386132
0.7,0.026000000000000002,-24.05828500133903,0.046564702840842145,0.03753453696408873
0.7,0.027,-25.524406838791013,0.043653684435360836,0.03477704896978686
0.7,0.028,-26.95781544317317,0.04098565209985715,0.0322828901527551
0.7,0.029,-28.355844778994808,0.03853465091286555,0.030021734482925295
0.7,0.03,-29.716260438476656,0.03627812939121763,0.02796729513215041
0.7,0.031,-31.037217164989976,0.03419641264599964,0.02609671770039398
0.7,0.032,-32.317219829757256,0.03227226875094608,0.0243900746950914
0.7,0.033,-33.55508762720415,0.03049054993206079,0.022829942665433957
0.7,0.034,-34.749921266776816,0.02883789416038243,0.02140104713181197
0.7,0.035,-35.90107295175749,0.02730247577604198,0.020089963370439234
0.7,0.036000000000000004,-37.00811894781342,0.02587379612213215,0.018884863408706102
0.7,0.037,-38.07083455542624,0.02454250699143543,0.017775301402689247
0.7,0.038,-39.08917131094302,0.023300261113700357,0.016752031012975902
0.7,0.039,-40.06323625085838,0.02213958502984826,0.015806849550581176
0.7,0.04,-40.99327308322942,0.02105377058272862,0.014932464593754354
0.7,0.041,-41.8796451189582,0.02003678195504029,0.014122379526845138
0.7,0.042,-42.72281982416778,0.01908317574421754,0.013370795061173613
0.7,0.043000000000000003,-43.523354863110114,0.01818803201231151,0.012672524293804945
0.7,0.044,-44.28188550903058,0.0173468946098861,0.012022919265773223
0.7,0.045,-44.99911330818683,0.016555719364991967,0.011417807314313563
0.7,0.046,-45.67579588977786,0.015810828965585326,0.010853435788020829
0.7,0.047,-46.312737821879196,0.015108873557394613,0.010326423920648743
0.7,0.048,-46.91078242056906,0.01444679623788609,0.009833720847342915
0.7,0.049,-47.47080442625744,0.013821802757472532,0.009372568903551417
0.7,0.05,-47.993703467767226,0.0132313348468507,0.008940471477377726
0.7,0.051000000000000004,-48.48039824094533,0.012673046678635485,0.008535164795335748
0.7,0.052000000000000005,-48.93182133449007,0.012144784045706703,0.008154593113066414
0.7,0.053,-49.34891464125352,0.011644565900639704,0.007796886859613785
0.7,0.054,-49.73262529851286,0.01117056795246041,0.00746034334881281
0.7,0.055,-50.08390210559962,0.010721108060529004,0.007143409726238055
0.7,0.056,-50.40369237183507,0.010294633202057419,0.006844667866668155
0.7,0.057,-50.69293915194545,0.009889707820777492,0.006562820976506128
0.7,0.058,-50.95257883004411,0.009505003390557185,0.006296681689193774
0.7,0.059000000000000004,-51.18353901686573,0.00913928905009538,0.006045161470307835
0.7,0.06,-51.386736728248934,0.008791423183856359,0.005807261173505347
0.7,0.061,-51.5630768158957,0.00846034584066399,0.0055820626094446515
0.7,0.062,-51.713450624204995,0.00814507189530203,0.005368721007788173
0.7,0.063,-51.838734849509976,0.007844684870425217,0.005166458267845963
0.7,0.064,-51.93979058034392,0.007558331346378469,0.004974556906725309
0.7,0.065,-52.01746249945522,0.007285215895401641,0.004792354625329803
0.7,0.066,-52.07257823018577,0.00702459648437569,0.004619239422470275
0.7,0.067,-52.10594781154758,0.006775780296920482,0.004454645195936301
0.7,0.068,-52.118363287887576,0.006538119931433415,0.00429804777682223
0.7,0.069,-52.11059840043567,0.006311009936687352,0.004148961349868226
0.7,0.07,-52.083408369303825,0.006093883650992167,0.004006935218202371
0.7,0.07100000000000001,-52.03752975564895,0.005886210314756274,0.003871550875771561
0.7,0.07200000000000001,-51.97368039474681,0.005687492429639305,0.003742419355026623
0.7,0.073,-51.8925593916576,0.005497263340429468,0.003619178821165742
0.7,0.074,-51.794847172004104,0.0053150850183645,0.0035014923875128575
0.7,0.075,-51.681205581141775,0.005140546026890938,0.003389046129476473
0.7,0.076,-51.55227802567913,0.004973259652862856,0.0032815472770525976
0.7,0.077,-51.40868965192721,0.0048128621879537726,0.0031787225680494566
0.7,0.078,-51.25104755640447,0.004659011346623138,0.0030803167461605197
0.7,0.079,-51.079941024026276,0.004511384808368292,0.0029860911897303727
0.7,0.08,-50.89594179005555,0.004369678873225669,0.002895822658574402
0.7,0.081,-50.699604322295805,0.004233607220581023,0.002809302147553593
0.7,0.082,-50.49146612037249,0.004102899762323888,0.00272633383679187
0.7,0.083,-50.27204802927757,0.003977301582251143,0.0026467341294744606
0.7,0.084,-50.04185456464685,0.0038565719544008054,0.002570330769098277
0.7,0.085,-49.801374247508114,0.0037404834336911058,0.002496962028873595
0.7,0.08600000000000001,-49.55107994647703,0.003628821012861027,0.0024264759667130113
0.7,0.08700000000000001,-49.29142922559576,0.0035213813402652423,0.0023587297398995678
0.7,0.088,-49.02286469620498,0.0034179719935759733,0.002293588974110639
0.7,0.089,-48.74581437141459,0.0033184108048932215,0.002230927181996014
0.7,0.09,-48.46069202190084,0.003222525233168777,0.0021706252269748224
0.7,0.091,-48.16789753189818,0.0031301517802130997,0.002112570828332924
0.7,0.092,-47.867817254385024,0.0030411354468822837,0.0020566581040757865
0.7,0.093,-47.560824364580206,0.002955329226338491,0.002002787148326527
0.7,0.094,-47.24727921097135,0.002872593631544868,0.0019508636403590893
0.7,0.095,-46.92752966319235,0.0027927962543981923,0.001900798482626249
0.7,0.096,-46.60191145615257,0.0027158113541218168,0.0018525074653846473
0.7,0.097,-46.27074852989849,0.0026415194727404125,0.0018059109557373137
0.7,0.098,-45.93435336475869,0.0025698070756384767,0.0017609336091107474
0.7,0.099,-45.593027311384624,0.0025005662153686,0.0017175041013609508
0.7,0.1,-45.247060915358574,0.002433694217024605,0.0016755548798628142
0.7,0.11,-41.58503691002402,0.001875504148922397,0.0013246485573996513
0.7,0.12,-37.709466978407356,0.0014713266171683303,0.001068428082289384
0.7,0.13,-33.77726633288015,0.0011724179585694073,0.0008763955122629435
0.7,0.14,-29.891401714651902,0.0009472001925825759,0.0007292247062383734
0.7,0.15,-26.11707725548137,0.0007746690534495348,0.0006142459612192335
0.7,0.16,-22.493425024880576,0.000640524225993596,0.0005229049851969558
0.7,0.16999999999999998,-19.041810135300413,0.0005348250218650757,0.0004492749406760573
0.7,0.18,-15.771662462883853,0.0004505306113739444,0.0003891544802843127
0.7,0.19,-12.684535614426013,0.0003825686431926556,0.00033950412193355014
0.7,0.2,-9.776911262660825,0.0003272278694405572,0.0002980844201906958
0.7,0.21000000000000002,-7.042123113268065,0.0002817541500745279,0.000263218013507062
0.7,0.22,-4.471666792946734,0.00024407684188020024,0.000233629700159698
0.7,0.22999999999999998,-2.0560832630306933,0.00021262039716446834,0.00020833681870435745
0.7,0.24,0.21445291315492232,0.0001861726386213059,0.00018657274931737023
0.7,0.25,2.3497488860448574,0.00016379134879121243,0.0001677326447425849
0.7,0.26,4.359348737317291,0.00014473715374360637,0.00015133434562890753
0.7,0.27,6.2523843752965655,0.0001284247058786915,0.00013698983704589314
0.7,0.28,8.037491427543683,0.00011438676895797737,0.00012438413298377263
0.7,0.29,9.722768865329183,0.00010224751178465191,0.00011325946808462088
0.7,0.3,11.31576763920041,9.170244987455061e-05,0.00010340333048322707
0.7,0.31,12.823498155617116,8.250323827052495e-05,9.463930821381192e-05
0.7,0.32,14.252449591092333,7.444604020292274e-05,8.682001975322796e-05
0.7,0.33,15.608616244913788,6.736255671276445e-05,7.982160466554094e-05
0.7,0.34,16.89752766701778,6.111305424196073e-05,7.353939362608567e-05
0.7,0.35,18.12428036679967,5.558090512173866e-05,6.788447829312366e-05
0.7,0.36,19.293569652366763,5.0668282846969706e-05,6.278097374487036e-05
0.7,0.37,20.40972066588184,4.6292745481172564e-05,5.8163818331176706e-05
0.7,0.38,21.476718037438275,4.2384507020576104e-05,5.397699377973549e-05
0.7,0.39,22.49823382503532,3.888424529264691e-05,5.017207634321971e-05
0.7,0.39999999999999997,23.477653575062458,3.5741331000151166e-05,4.670705051525129e-05
0.7,0.41,24.418100449703925,3.291238936877944e-05,4.354533236741139e-05
0.7,0.42,25.322457441317702,3.0360126006319383e-05,4.065496127227555e-05
0.7,0.43,26.19338774075234,2.805236381200156e-05,3.800792768196283e-05
0.7,0.44,27.0333533549278,2.596124936470065e-05,3.557961145039676e-05
0.7,0.45,27.844632084613146,2.4062596095201565e-05,3.334831044506435e-05
0.7,0.46,28.629332980260212,2.2335338387897746e-05,3.1294843274647006e-05
0.7,0.47,29.38941039487613,2.0761076059256485e-05,2.9402213145873453e-05
0.7,0.48,30.126676750256554,1.932369279320045e-05,2.7655322366925494e-05
0.7,0.49,30.84281412787073,1.8009035352388114e-05,2.6040728993349418e-05
0.7,0.5,31.539384789267178,1.6804642935712713e-05,2.4546438684468886e-05
0.75,0.0,0.0,1.0,1.0
0.75,0.001,0.7454899640890176,0.7764208985165517,0.7822525124910064
0.75,0.002,1.3518807592760733,0.6211882464222309,0.6297010538096421
0.75,0.003,1.779112183746222,0.5080715077407111,0.5172743996075287
0.75,0.004,2.0017034764485166,0.4228890420012463,0.43152693159274996
0.75,0.005,2.0081905870909664,0.35712618075517744,0.3644449295250294
0.75,0.006,1.798584214262339,0.3053282054873704,0.31092037018443364
0.75,0.007,1.3813233653264392,0.2638375365599177,0.2675330328526782
0.75,0.008,0.7704360885105198,0.23011673125239182,0.2319033987266645
0.75,0.009000000000000001,-0.016766900104349496,0.20235799587743875,0.202324072402332
0.75,0.01,-0.9614047922146317,0.17924519718174983,0.17753833511988915
0.75,0.011,-2.0442162891200257,0.15980252146225063,0.15660125313666484
0.75,0.012,-3.2463392246604226,0.14329495937132833,0.13878938512243374
0.75,0.013000000000000001,-4.549790515440719,0.12916108050900194,0.12354025758657683
0.75,0.014,-5.937737322072573,0.11696659867752102,0.11041070126117422
0.75,0.015,-7.394628093625331,0.10637168887569608,0.09904749498546848
0.75,0.016,-8.90623273883614,0.09710760639065322,0.0891662524251695
0.75,0.017,-10.459625999143283,0.08895971897442981,0.08053595888068621
0.75,0.018000000000000002,-12.043136968837318,0.08175503371851724,0.07296746229200621
0.75,0.019,-13.646279853109695,0.07535292008077786,0.06630478373614443
0.75,0.02,-15.25967566091238,0.06963813533922722,0.06041847241015911
0.75,0.021,-16.87497090375045,0.06451552828815542,0.055200465753515025
0.75,0.022,-18.484756979521865,0.05990597949939132,0.050560072895912744
0.75,0.023,-20.08249237120875,0.05574326189062418,0.04642080688857297
0.75,0.024,-21.66242880643832,0.0519715926771153,0.042717865479901536
0.75,0.025,-23.21954191357421,0.04854370932807724,0.039396112478754096
0.75,0.026000000000000002,-24.74946654217088,0.045419345995759336,0.03640844907373257
0.75,0.027,-26.248436702460662,0.04256401843938487,0.03371449148293119
0.75,0.028,-27.713229961911637,0.03994804838775793,0.03127949109083826
0.75,0.029,-29.14111607891866,0.03754577508232597,0.02907344788578534
0.75,0.03,-30.52980963015153,0.03533491415538914,0.027070378985082813
0.75,0.031,-31.877426383806707,0.03329603324325621,0.025247712331262665
0.75,0.032,-33.182443176768174,0.03141212067177633,0.02358578197134
0.75,0.033,-34.44366106406685,0.029668228795245055,0.02206740619857649
0.75,0.034,-35.6601715210125,0.028051177560203845,0.020677533608940615
0.75,0.035,-36.83132549042855,0.026549306922686044,0.019402945069433818
0.75,0.036000000000000004,-37.95670507885646,0.02515226910428889,0.018232001909520658
0.75,0.037,-39.0360977162141,0.023850853500589155,0.017154432476428543
0.75,0.038,-40.06947260322793,0.022636838481832455,0.016161150649831736
0.75,0.039,-41.05695928015314,0.02150286544511984,0.015244101074384436
0.75,0.04,-41.99882815900091,0.020442331360424528,0.014396126802915975
0.75,0.041,-42.895472869858516,0.019449296753215436,0.01361085579732033
0.75,0.042,-43.74739428001059,0.018518406624851005,0.01288260334568455
0.75,0.043000000000000003,-44.55518605252624,0.01764482225923246,0.012206287952077316
0.75,0.044,-45.31952161879219,0.016824162224253883,0.011577358662374129
0.75,0.045,-46.041142447157995,0.0160524511677077,0.01099173212337472
0.75,0.046,-46.72084749740193,0.01532607524372858,0.010445737947362912
0.75,0.047,-47.35948375809856,0.014641743198676943,0.009936071181351614
0.75,0.048,-47.957937771140564,0.013996452303261584,0.00945975086846041
0.75,0.049,-48.51712805460556,0.013387458447513314,0.009014083845326664
0.75,0.05,-49.03799834183465,0.012812249822350588,0.008596633049891288
0.75,0.051000000000000004,-49.52151156096748,0.012268523700212084,0.008205189722958082
0.75,0.052000000000000005,-49.96864448525005,0.011754165900990486,0.007837748978351638
0.75,0.053,-50.38038299016886,0.011267232591022896,0.007492488293343084
0.75,0.054,-50.757717858863565,0.010805934114377717,0.007167748535762542
0.75,0.055,-51.10164108232943,0.010368620598901016,0.0068620171989075595
0.75,0.056,-51.41314260563078,0.009953769115884841,0.00657391356165847
0.75,0.057,-51.69320747572659,0.009559972202966113,0.006302175530500181
0.75,0.058,-51.942813350555795,0.009185927585909947,0.006045647953560382
0.75,0.059000000000000004,-52.16292833276263,0.008830428957057213,0.005803272225246672
0.75,0.06,-52.35450909487321,0.008492357687063547,0.005574077024379529
0.75,0.061,-52.51849926587692,0.008170675362654194,0.005357170049523445
0.75,0.062,-52.65582805204099,0.00786441705690268,0.005151730633056256
0.75,0.063,-52.76740906740807,0.007572685250373193,0.0049570031308391
0.75,0.064,-52.854139351812385,0.007294644331647571,0.004772290997535932
0.75,0.065,-52.91689855641893,0.007029515614539071,0.004596951469000347
0.75,0.066,-52.9565482787577,0.006776572816886027,0.004430390782966658
0.75,0.067,-52.97393153100677,0.006535137952395207,0.004272059877777659
0.75,0.068,-52.969872326892485,0.006304577592714935,0.004121450516244286
0.75,0.069,-52.945175374031834,0.006084299461886206,0.003978091788123997
0.75,0.07,-52.90062585986065,0.005873749329651617,0.0038415469502624117
0.75,0.07100000000000001,-52.8369893204795,0.005672408173885648,0.003711410568282877
0.75,0.07200000000000001,-52.75501158282206,0.005479789585721777,0.003587305927930683
0.75,0.073,-52.65541877151711,0.0052954373938559176,0.003468882687866928
0.75,0.074,-52.53891737268823,0.005118923487056932,0.0033558147489340085
0.75,0.075,-52.4061943477193,0.004949845816160294,0.0032477983177423043
0.75,0.076,-52.2579172907217,0.004787826558800225,0.0031445501449086127
0.75,0.077,-52.094734624076736,0.0046325104318836905,0.0030458059204571306
0.75,0.078,-51.91727582700165,0.004483563138355725,0.00295131881081218
0.75,0.079,-51.72615169260149,0.0043406699361752885,0.0028608581235023503
0.75,0.08,-51.52195460933982,0.004203534318636374,0.0027742080871871674
0.75,0.081,-51.30525886327617,0.00407187679624922,0.0026911667359352564
0.75,0.082,-51.07662095779912,0.003945433771357826,0.0026115448878486105
0.75,0.083,-50.83657994792348,0.003823956497526873,0.002535165209160204
0.75,0.084,-50.58565778652804,0.003707210116495916,0.002461861355847912
0.75,0.085,-50.32435968018547,0.003594972766182318,0.0023914771856208866
0.75,0.08600000000000001,-50.05317445248801,0.003487034753826202,0.002323866033857429
0.75,0.08700000000000001,-49.772574912995765,0.0033831977889189763,0.002258890047716884
0.75,0.088,-49.48301823013875,0.0032832742710490045,0.0021964195732214827
0.75,0.089,-49.18494630658627,0.0031870866282399904,0.0021363325906156028
0.75,0.09,-48.87878615576359,0.00309446670175534,0.0020785141937668485
0.75,0.091,-48.56495027834345,0.003005255173699817,0.002022856109781836
0.75,0.092,-48.24383703767664,0.002919301034072775,0.0019692562553752743
0.75,0.093,-47.915831033246604,0.002836461084218721,0.001917618326858589
0.75,0.094,-47.581303471341116,0.0027565994738843838,0.001867851420908265
0.75,0.095,-47.240612532236966,0.0026795872693297935,0.0018198696835379728
0.75,0.096,-46.894103733278904,0.0026053020501567207,0.0017735919849358043
0.75,0.097,-46.542110287316866,0.002533627532713483,0.0017289416180413548
0.75,0.098,-46.184953456039196,0.002464453218112734,0.0016858460189296059
0.75,0.099,-45.8229428978023,0.0023976740630601407,0.0016442365072418766
0.75,0.1,-45.45637700961889,0.0023331901718385696,0.0016040480450604637
0.75,0.11,-41.59419825461086,0.001795379974673157,0.0012679756634129552
0.75,0.12,-37.532884652319765,0.0014065450161295002,0.0010226972405074004
0.75,0.13,-33.43193763271909,0.001119379363872086,0.0008389141188620505
0.75,0.14,-29.395072360932094,0.00090328378280278,0.0006980820570069143
0.75,0.15,-25.487134595229637,0.0007379345567359604,0.0005880559462260706
0.75,0.16,-21.746278592791434,0.00060951344600896,0.0005006423629979021
0.75,0.16999999999999998,-18.192586203973658,0.0005084269540270423,0.0004301682282758518
0.75,0.18,-14.834093823519282,0.0004278880786989297,0.00037261414659353853
0.75,0.19,-11.670967640578741,0.0003630126023690161,0.0003250733919825957
0.75,0.2,-8.698373126778757,0.00031023049381660213,0.0002854049098368467
0.75,0.21000000000000002,-5.9084318738474595,0.000266894862732797,0.0002520053011933064
0.75,0.22,-3.291544538844465,0.00023101741250753177,0.00022365568598952832
0.75,0.22999999999999998,-0.8372755851333596,0.00020108646891515365,0.00019941680072998742
0.75,0.24,1.4650637093540533,0.00017593987386717414,0.0001785558305413715
0.75,0.25,3.626039204502761,0.00015467493163387258,0.00016049452607026115
0.75,0.26,5.6558591738095405,0.00013658375879417454,0.00014477185079866467
0.75,0.27,7.564235524379023,0.00012110629772502472,0.000131016710265825
0.75,0.28,9.360309629304558,0.00010779577374641608,0.00011892778241580064
0.75,0.29,11.05262116882275,9.629302666404717e-05,0.00010825841967396478
0.75,0.3,12.649105111317345,8.630724430780555e-05,9.880522050494491e-05
0.75,0.31,14.1571066284481,7.760136451091057e-05,9.039928812165067e-05
0.75,0.32,15.583406968825498,6.99809160574556e-05,8.289947929030031e-05
0.75,0.33,16.93425555279023,6.328541719624839e-05,7.61871426270883e-05
0.75,0.34,18.215405101484368,5.73816934003346e-05,7.016198279338309e-05
0.75,0.35,19.432147686856457,5.2158647638910245e-05,6.473878369772713e-05
0.75,0.36,20.58935033099802,4.752313878176262e-05,5.984479283301131e-05
0.75,0.37,21.691489294078266,4.339671184363217e-05,5.541761866293607e-05
0.75,0.38,22.742682540130087,3.971298777307811e-05,5.1403529243306165e-05
0.75,0.39,23.74672010777807,3.641556738900907e-05,4.775606693965117e-05
0.75,0.39999999999999997,24.707092272676736,3.345633871960988e-05,4.443491389756596e-05
0.75,0.41,25.627015493715447,3.079410280176881e-05,4.140495773591914e-05
0.75,0.42,26.509456202585106,2.8393452356978577e-05,3.863551810862685e-05
0.75,0.43,27.357152537762392,2.6223852385284066e-05,3.60997032762464e-05
0.75,0.44,28.172634147538744,2.4258882843900494e-05,3.377387233402105e-05
0.75,0.45,28.95824019814887,2.247561209416332e-05,3.163718375903418e-05
0.75,0.46,29.7161357263637,2.0854076361132123e-05,2.967121483238444e-05
0.75,0.47,30.44832647391987,1.9376845533649063e-05,2.785963953316412e-05
0.75,0.48,31.15667233582226,1.802865959377066e-05,2.6187954890437082e-05
0.75,0.49,31.84289954723371,1.679612306771839e-05,2.4643247667729513e-05
0.75,0.5,32.50861172528767,1.5667447334205367e-05,2.3213994755054766e-05
0.8,0.0,0.0,1.0,1.0
0.8,0.001,0.7526533955351937,0.7749174536578471,0.7807941271681174
0.8,0.002,1.3647732208208567,0.6189162372866359,0.6274799151344199
0.8,0.003,1.794985716976072,0.5054280937752944,0.514666279991229
0.8,0.004,2.0169614417524753,0.42010086949552244,0.4287485626869869
0.8,0.005,2.018821036549761,0.354324738941287,0.3616253067065668
0.8,0.006,1.8004980812601536,0.3025891403426392,0.3081371437026553
0.8,0.007,1.370585409761968,0.26120283952002227,0.2648325964472217
0.8,0.008,0.7434048219575035,0.2276078680166288,0.2293125888595664
0.8,0.009000000000000001,-0.06336560644225822,0.19998390097876192,0.19985726021380856
0.8,0.01,-1.0304479166202454,0.17700722715390282,0.17520186320463085
0.8,0.011,-2.138180763335912,0.15769755352451342,0.15439628192508537
0.8,0.012,-3.3673144520420872,0.1413173374460345,0.1367137554024387
0.8,0.013000000000000001,-4.699499019788123,0.1273038355198258,0.12158972746924555
0.8,0.014,-6.117559141444306,0.11522220807486634,0.10857977605882023
0.8,0.015,-7.605626405543828,0.10473254216613496,0.0973299869761635
0.8,0.016,-9.14917935562104,0.09556628275263507,0.08755565851875874
0.8,0.017,-10.735026051322434,0.0875091449513618,0.07902571396949316
0.8,0.018000000000000002,-12.351252476355405,0.08038856479925742,0.0715511069324086
0.8,0.019,-13.987152085722471,0.07406437448888847,0.06497607242015256
0.8,0.02,-15.633146286028056,0.0684217983613983,0.05917144050733635
0.8,0.021,-17.280701958891008,0.06336613899245445,0.054029467707880384
0.8,0.022,-18.92224971579907,0.05881870747461317,0.04945980051266974
0.8,0.023,-20.55110501017295,0.054713678883370365,0.04538629395288682
0.8,0.024,-22.161393244448107,0.05099564220288872,0.041744483137029324
0.8,0.025,-23.747979400034676,0.04761767615678749,0.03847955852503734
0.8,0.026000000000000002,-25.306402352571098,0.044539826646124187,0.035544733397423485
0.8,0.027,-26.832813824587042,0.041727893320591694,0.0328999192419577
0.8,0.028,-28.323921813653797,0.03915245590836392,0.030510644745739106
0.8,0.029,-29.776938278111928,0.03678808784506008,0.028347168867725345
0.8,0.03,-31.18953084022988,0.034612717232171054,0.026383749534346915
0.8,0.031,-32.559778263032044,0.03260710445080259,0.024598037864926016
0.8,0.032,-33.88612946293243,0.03075441272700304,0.022970574211361956
0.8,0.033,-35.16736583042728,0.029039853209606357,0.02148436720002222
0.8,0.034,-36.402566642557304,0.02745039012539204,0.02012454076273047
0.8,0.035,-37.59107736221042,0.025974494641627637,0.018878037107921918
0.8,0.036000000000000004,-38.73248063000592,0.024601938427752372,0.017733365911163066
0.8,0.037,-39.82656976435054,0.023323619738768078,0.01668039184403603
0.8,0.038,-40.8733245943643,0.022131416270572267,0.01571015402262867
0.8,0.039,-41.87288945891214,0.021018060157120863,0.014814712125256257
0.8,0.04,-42.82555321312661,0.01997703136222863,0.013987014867303596
0.8,0.041,-43.73173109170176,0.019002466418745027,0.013220787278086376
0.8,0.042,-44.59194828600138,0.018089080025544203,0.012510433838102927
0.8,0.043000000000000003,-45.40682509970363,0.017232097459327966,0.011850955034271695
0.8,0.044,-46.17706355532848,0.016427196117506496,0.011237875298602335
0.8,0.045,-46.903435331566094,0.015670454798779883,0.010667180630195018
0.8,0.046,-47.586770918805954,0.01495830956374635,0.010135264475686362
0.8,0.047,-48.2279498876365,0.014287515210011937,0.009638880670509524
0.8,0.048,-48.827892172290866,0.013655111553563179,0.009175102431576009
0.8,0.049,-49.38755027802054,0.013058393837422869,0.00874128654839061
0.8,0.05,-49.90790232814078,0.01249488669524064,0.00833504204994475
0.8,0.051000000000000004,-50.38994587298072,0.011962321185759645,0.007954202733647511
0.8,0.052000000000000005,-50.83469238915488,0.01145861448746402,0.007596803033814456
0.8,0.053,-51.243162403434184,0.010981851903882008,0.00726105678390169
0.8,0.054,-51.61638118101901,0.010530270881193148,0.006945338491241764
0.8,0.055,-51.95537492319549,0.010102246782735854,0.006648166797549574
0.8,0.056,-52.26116742419137,0.009696280201168821,0.006368189844594787
0.8,0.057,-52.53477714153835,0.009310985619570984,0.006104172303560151
0.8,0.058,-52.77721463840983,0.008945081258621288,0.005854983859859164
0.8,0.059000000000000004,-52.9894803602337,0.008597379968958303,0.005619588973512852
0.8,0.06,-53.17256271141171,0.008266781046520103,0.005397037759363811
0.8,0.061,-53.32743640120688,0.007952262864631913,0.005186457852085577
0.8,0.062,-53.45506103081859,0.00765287623027801,0.004987047138667568
0.8,0.063,-53.55637989636245,0.0073677383837247885,0.004798067256272509
0.8,0.064,-53.63231898492869,0.007096027570753508,0.004618837766453052
0.8,0.065,-53.683786143122525,0.006836978125463075,0.004448730927995188
0.8,0.066,-53.711670399519434,0.006589876009124199,0.004287167000395047
0.8,0.067,-53.71684142429874,0.006354054757080734,0.0041336100183986205
0.8,0.068,-53.70014911098316,0.006128891791349222,0.003987563985330748
0.8,0.069,-53.66242326671289,0.00591380506148702,0.0038485694392716876
0.8,0.07,-53.60447339883698,0.005708249980587397,0.003716200351643286
0.8,0.07100000000000001,-53.52708858683268,0.005511716627005408,0.003590061322558111
0.8,0.07200000000000001,-53.431037429664855,0.005323727185695678,0.003469785041462785
0.8,0.073,-53.31706805969398,0.005143833605916856,0.0033550299852552
0.8,0.074,-53.18590821514145,0.004971615454581465,0.0032454783292462487
0.8,0.075,-53.038265363924694,0.0048066779467507885,0.0031408340491317762
0.8,0.076,-52.874826872409095,0.004648650136732121,0.0030408211945920516
0.8,0.077,-52.69626021327578,0.004497183254964189,0.0029451823172897806
0.8,0.078,-52.50321320729724,0.004351949177405335,0.0028536770379321394
0.8,0.079,-52.29631429434602,0.004212639015493216,0.0027660807387310552
0.8,0.08,-52.076172829441596,0.004078961815946286,0.002682183369067931
0.8,0.081,-51.84337940006983,0.0039506433607449125,0.002601788353469098
0.8,0.082,-51.59850616140609,0.003827425058580156,0.002524711592147958
0.8,0.083,-51.34210718641478,0.0037090629199048493,0.0024507805453879614
0.8,0.084,-51.07471882812418,0.0035953266084774106,0.0023798333939431446
0.8,0.085,-50.796860091653365,0.003485998562964103,0.0023117182684343263
0.8,0.08600000000000001,-50.509033013830106,0.003380873182769885,0.002246292541431198
0.8,0.08700000000000001,-50.211723048468734,0.003279756072809557,0.00218342217654429
0.8,0.088,-49.90539945558752,0.0031824633424168886,0.0021229811294153932
0.8,0.089,-49.590515693032366,0.0030888209540259077,0.0020648507959985453
0.8,0.09,-49.26750980914714,0.0029986641176512918,0.002008919503973351
0.8,0.091,-48.93680483528215,0.0029118367275483294,0.001955082043534302
0.8,0.092,-48.59880917707304,0.0028281908377518353,0.001903239234159482
0.8,0.093,-48.25391700354659,0.0027475861734811277,0.001853297524284231
0.8,0.094,-47.90250863322492,0.0026698896756582866,0.001805168621094315
0.8,0.095,-47.544950916500305,0.0025949750760221246,0.0017587691479125514
0.8,0.096,-47.181597613645025,0.002522722500533371,0.0017140203268859561
0.8,0.097,-46.81278976790593,0.0024530180989597128,0.0016708476848901592
0.8,0.098,-46.438856073206544,0.0023857536987045786,0.0016291807807566536
0.8,0.099,-46.06011323604779,0.0023208264811027594,0.0015889529520986137
0.8,0.1,-45.676866331260335,0.00225813867855072,0.0015501010801645405
0.8,0.11,-41.65171191389144,0.0017356357285980473,0.0012252839765559075
0.8,0.12,-37.43766778870973,0.001358297768432257,0.000988300944192709
0.8,0.13,-33.19660750470849,0.0010799139892859397,0.000810766887773598
0.8,0.14,-29.033093240096324,0.0008706283836367098,0.0006747326300367779
0.8,0.15,-25.01188424916521,0.0007106325776800629,0.0005684520171407689
0.8,0.16,-21.170512254977044,0.0005864724475233752,0.0004840059158034021
0.8,0.16999999999999998,-17.52815896773788,0.0004888161195146712,0.0004159140446068366
0.8,0.18,-14.091845596626278,0.00041106745044795876,0.00036029520628607845
0.8,0.19,-10.860706512198652,0.00034848340659378546,0.0003143434834193843
0.8,0.2,-7.8289152894815945,0.0002975997412182024,0.0002759925205769295
0.8,0.21000000000000002,-4.987671430396247,0.00025584977182119983,0.00024369506279679775
0.8,0.22,-2.326536627815318,0.00022130669300869448,0.0002162749764644501
0.8,0.22999999999999998,0.16567714793768717,0.00019250646196071654,0.0001928259304627916
0.8,0.24,2.500327041903074,0.0001683241743573242,0.00017264075791276345
0.8,0.25,4.688568752247955,0.00014788653676037667,0.00015516138497171568
0.8,0.26,6.741128732444405,0.00013050906948440972,0.00013994279333489352
0.8,0.27,8.668172790614937,0.00011565049334853826,0.00012662671588010697
0.8,0.28,10.479239182338356,0.0001028792145914394,0.00011492218525821806
0.8,0.29,12.183214282166048,9.18484327552962e-05,0.00010459097540920756
0.8,0.3,13.78833581446714,8.227746580206192e-05,9.543658225294863e-05
0.8,0.31,15.302213384222982,7.393760663818129e-05,8.729579554846197e-05
0.8,0.32,16.731859334920387,6.664131608193745e-05,8.00321894420359e-05
0.8,0.33,18.083725229911938,6.0233896046782634e-05,7.35310488859989e-05
0.8,0.34,19.363740819712007,5.4587023148649356e-05,6.769538133782064e-05
0.8,0.35,20.57735343717092,4.959368975449607e-05,6.244275644386121e-05
0.8,0.36,21.729566504704184,4.516421837819055e-05,5.770278298114318e-05
0.8,0.37,22.82497634600272,4.1223100884043444e-05,5.3415080335914214e-05
0.8,0.38,23.867806840435463,3.7706476088813475e-05,4.952763676436449e-05
0.8,0.39,24.86194169133089,3.4560104865504194e-05,4.599547239233995e-05
0.8,0.39999999999999997,25.81095423402816,3.1737735467123914e-05,4.27795439871812e-05
0.8,0.41,26.718134810095375,2.9199776811120338e-05,3.9845842809065026e-05
0.8,0.42,27.586515797227705,2.6912216231016513e-05,3.7164647616812504e-05
0.8,0.43,28.41889442180218,2.4845732375566585e-05,3.470990308807706e-05
0.8,0.44,29.217853501085777,2.2974964713883e-05,3.245870018117553e-05
0.8,0.45,29.98578027040006,2.1277909354060375e-05,3.039083979831129e-05
0.8,0.46,30.724883451136996,1.9735417235318506e-05,2.8488464860825152e-05
0.8,0.47,31.43720871117135,1.8330775674567948e-05,2.6735748836927373e-05
0.8,0.48,32.12465266184758,1.7049358081739653e-05,2.51186310646786e-05
0.8,0.49,32.78897552664904,1.5878329660677262e-05,2.3624591032640766e-05
0.8,0.5,33.431812606778976,1.4806399276179057e-05,2.224245522672421e-05
0.8500000000000001,0.0,0.0,1.0,1.0
0.8500000000000001,0.001,0.7583599597722709,0.7737251728273628,0.7796376324632808
0.8500000000000001,0.002,1.3751377140787449,0.6171156187191086,0.6257201322421538
0.8500000000000001,0.003,1.8079033951739816,0.5033347581865293,0.5126021091210624
0.8500000000000001,0.004,2.029630518213753,0.4178947783505355,0.4265522122259901
0.8500000000000001,0.005,2.0280829548653836,0.35211011155881394,0.3593990218611325
0.8500000000000001,0.006,1.8031061691287458,0.30042576673694676,0.3059422299593132
0.8500000000000001,0.007,1.363390748589881,0.2591237647836236,0.26270546681420837
0.8500000000000001,0.008,0.7234710534385898,0.22562985312448255,0.22727411556253607
0.8500000000000001,0.009000000000000001,-0.09869972541763948,0.1981137869501479,0.19791844199135156
0.8500000000000001,0.01,-1.0835408435905942,0.17524587288699486,0.1733673666597787
0.8500000000000001,0.011,-2.2110822146426217,0.15604229536317737,0.15266670891468456
0.8500000000000001,0.012,-3.461772158184598,0.13976353098843067,0.1350871225893402
0.8500000000000001,0.013000000000000001,-4.8169724291275875,0.12584582040196762,0.12006244550428966
0.8500000000000001,0.014,-6.259236562900139,0.11385390694163987,0.10714730373038589
0.8500000000000001,0.015,-7.7724435467647055,0.10344782661116127,0.09598727022114248
0.8500000000000001,0.016,-9.341838122405413,0.09435919056898297,0.08629742483691398
0.8500000000000001,0.017,-10.95401301512459,0.08637400267351554,0.07784666847673329
0.8500000000000001,0.018000000000000002,-12.596856724707685,0.07932005026831788,0.07044606090758863
0.8500000000000001,0.019,-14.259482336252967,0.07305754186050077,0.06394002525365951
0.8500000000000001,0.02,-15.932147227182593,0.0674720800444251,0.058199629402365574
0.8500000000000001,0.021,-17.60616981626794,0.06246933386915899,0.05311739508798958
0.8500000000000001,0.022,-19.27384705453118,0.0579709614123003,0.048603246096184334
0.8500000000000001,0.023,-20.928374784156574,0.05391146136924461,0.044581316391186475
0.8500000000000001,0.024,-22.563772099727178,0.050235721512237146,0.04098741467532637
0.8500000000000001,0.025,-24.17481023606511,0.0468970945374062,0.03776699513230703
0.8500000000000001,0.026000000000000002,-25.756946143052385,0.04385587639897581,0.034873522094826005
0.8500000000000001,0.027,-27.30626069952044,0.04107809426688343,0.03226714384757526
0.8500000000000001,0.028,-28.819401406096876,0.03853453448368327,0.029913610887078283
0.8500000000000001,0.029,-30.293529342304673,0.03619995790391348,0.027783388850270253
0.8500000000000001,0.03,-31.72627015184396,0.03405246254955004,0.025850927465187447
0.8500000000000001,0.031,-33.11566881675279,0.03207296285028405,0.02409405529444902
0.8500000000000001,0.032,-34.460147987012064,0.030244761733478134,0.022493476458466766
0.8500000000000001,0.033,-35.758469641944124,0.028553197109820638,0.02103235045675471
0.8500000000000001,0.034,-37.00969987066876,0.026985348314971163,0.01969594002500857
0.8500000000000001,0.035,-38.21317656957757,0.025529791139138575,0.018471314944625908
0.8500000000000001,0.036000000000000004,-39.36847986474639,0.02417639244196803,0.017347102060258253
0.8500000000000001,0.037,-40.47540507634512,0.022916137182945745,0.016313273608637296
0.8500000000000001,0.038,-41.53393805054501,0.02174098212611782,0.015360967429842599
0.8500000000000001,0.039,-42.54423269236566,0.02064373159779647,0.014482333804657747
0.8500000000000001,0.04,-43.50659054052882,0.019617931558644157,0.013670404602849026
0.8500000000000001,0.041,-44.42144223285504,0.018657778951007762,0.012918981186273755
0.8500000000000001,0.042,-45.28933071815022,0.017758043839494586,0.012222538125627258
0.8500000000000001,0.043000000000000003,-46.110896077942456,0.016914002308706096,0.011576140289827097
0.8500000000000001,0.044,-46.886861828864795,0.016121378440665485,0.010975371275511495
0.8500000000000001,0.045,-47.61802258391475,0.015376293984207269,0.010416271478956088
0.8500000000000001,0.046,-48.305232958233816,0.014675224563709467,0.009895284388139122
0.8500000000000001,0.047,-48.94939761238991,0.014014961466152323,0.009409209900011392
0.8500000000000001,0.048,-49.55146233335774,0.013392578202275867,0.008955163656255755
0.8500000000000001,0.049,-50.1124060604351,0.012805401166417305,0.00853054154715358
0.8500000000000001,0.05,-50.63323377015437,0.012250983825836939,0.008132988663398316
0.8500000000000001,0.051000000000000004,-51.11497014080954,0.01172708395827035,0.007760372084475155
0.8500000000000001,0.052000000000000005,-51.55865392348917,0.011231643529487387,0.007410756983337566
0.8500000000000001,0.053,-51.96533295245792,0.010762770863524477,0.00708238560362421
0.8500000000000001,0.054,-52.33605973334766,0.010318724809178644,0.006773658730073998
0.8500000000000001,0.055,-52.67188755289428,0.009897900649077428,0.0064831193271572204
0.8500000000000001,0.056,-52.97386705888458,0.009498817533599649,0.00620943806692371
0.8500000000000001,0.057,-53.2430432635607,0.00912010725228031,0.005951400506054136
0.8500000000000001,0.058,-53.4804529279764,0.00876050418103665,0.005707895705225526
0.8500000000000001,0.059000000000000004,-53.687122288716544,0.008418836265376768,0.005477906112108175
0.8500000000000001,0.06,-53.864065091998036,0.008094016918333634,0.00526049855337832
0.8500000000000001,0.061,-54.01228090347364,0.00778503772772988,0.005054816201708687
0.8500000000000001,0.062,-54.132753665087336,0.007490961880955235,0.004860071401327345
0.8500000000000001,0.063,-54.22645047308687,0.007210918227087287,0.004675539250866453
0.8500000000000001,0.064,-54.294320553814025,0.006944095906205719,0.004500551855234225
0.8500000000000001,0.065,-54.33729441617763,0.006689739484388419,0.0043344931694534105
0.8500000000000001,0.066,-54.35628316178468,0.006447144540342146,0.004176794367084321
0.8500000000000001,0.067,-54.35217793558913,0.006215653656085338,0.004026929674214975
0.8500000000000001,0.068,-54.325849501611344,0.005994652769711234,0.003884412617245073
0.8500000000000001,0.069,-54.27814792982553,0.005783567853139829,0.00374879263897472
0.8500000000000001,0.07,-54.20990238169551,0.005581861882020232,0.003619652042969447
0.8500000000000001,0.07100000000000001,-54.12192098309809,0.005389032068659454,0.0034966032309255
0.8500000000000001,0.07200000000000001,-54.0149907744998,0.005204607332103411,0.0033792862019020654
0.8500000000000001,0.073,-53.88987772927645,0.005028145982345092,0.0032673662859038863
0.8500000000000001,0.074,-53.747326831982605,0.004859233598136851,0.0031605320874600277
0.8500000000000001,0.075,-53.58806220920656,0.004697481080085304,0.0030584936176138054
0.8500000000000001,0.076,-53.41278730639301,0.004542522862647439,0.0029609805951672083
0.8500000000000001,0.077,-53.22218510469027,0.004394015270359665,0.002867740900155822
0.8500000000000001,0.078,-53.01691837248042,0.004251635005146157,0.0027785391644057572
0.8500000000000001,0.079,-52.79762994680137,0.004115077752894742,0.0026931554856757032
0.8500000000000001,0.08,-52.564943040358365,0.003984056898678731,0.002611384253343718
0.8500000000000001,0.081,-52.31946157026699,0.0038583023410608194,0.002533033074884481
0.8500000000000001,0.082,-52.06177050506903,0.0037375593968561526,0.0024579217935197985
0.8500000000000001,0.083,-51.79243622692258,0.003621587788570356,0.0023858815884318847
0.8500000000000001,0.084,-51.512006906190834,0.0035101607074766237,0.0023167541498212425
0.8500000000000001,0.085,-51.22101288595041,0.0034030639459648494,0.002250390921882934
0.8500000000000001,0.08600000000000001,-50.91996707419875,0.003300095093394128,0.002186652407478766
0.8500000000000001,0.08700000000000001,-50.60936534178354,0.0032010627902162962,0.002125407528908978
0.8500000000000001,0.088,-50.28968692428798,0.0031057860356191983,0.002066533039744645
0.8500000000000001,0.089,-49.961394826301486,0.003014093544370597,0.002009912983179295
0.8500000000000001,0.09,-49.6249362266807,0.002925823148932352,0.001955438192802135
0.8500000000000001,0.091,-49.28074288356217,0.002840821243264496,0.00190300583209203
0.8500000000000001,0.092,-48.929231538031935,0.0027589422650544444,0.0018525189692863591
0.8500000000000001,0.093,-48.57080431548584,0.0026800482133913857,0.0018038861845967936
0.8500000000000001,0.094,-48.20584912383077,0.00260400819916329,0.0017570212070291216
0.8500000000000001,0.095,-47.83474004777982,0.0025306980256867475,0.0017118425783201109
0.8500000000000001,0.096,-47.45783773859387,0.0024599997972907218,0.0016682733417342594
0.8500000000000001,0.097,-47.07548979870233,0.00239180155376637,0.0016262407536700742
0.8500000000000001,0.098,-46.688031160716356,0.002325996928768512,0.0015856760162116235
0.8500000000000001,0.099,-46.295784460416556,0.0022624848304118404,0.0015465140289288404
0.8500000000000001,0.1,-45.899060403358824,0.00220116914244817,0.001508693158381365
0.8500000000000001,0.11,-41.74147783044982,0.0016903460985055727,0.001192555717901822
0.8500000000000001,0.12,-37.40206514900077,0.0013217621985288216,0.0009619667630872096
0.8500000000000001,0.13,-33.04483138681287,0.0010500526809430703,0.000789247255979573
0.8500000000000001,0.14,-28.77521873920843,0.0008459342327843497,0.0006569076263791945
0.8500000000000001,0.15,-24.658085948300883,0.0006899946246840996,0.0005535097217602549
0.8500000000000001,0.16,-20.73060514506584,0.0005690590067843807,0.0004713461065656206
0.8500000000000001,0.16999999999999998,-17.011350231347123,0.00047399575406478094,0.0004050852785884684
0.8500000000000001,0.18,-13.506620579515126,0.00039835452822295904,0.00035095268116444237
0.8500000000000001,0.19,-10.214797242590079,0.000337499959333681,0.00030622018801234214
0.8500000000000001,0.2,-7.129317592654467,0.00028804833594125876,0.0002688790915634558
0.8500000000000001,0.21000000000000002,-4.240688801016836,0.00024749394502987494,0.00023742546972450618
0.8500000000000001,0.22,-1.5378371293453799,0.00021395665682378184,0.0002107161850918985
0.8500000000000001,0.22999999999999998,0.9909993625626929,0.00018600853611603932,0.00018787032988767057
0.8500000000000001,0.24,3.3576905527851677,0.00016255288509134944,0.00016820053868863138
0.8500000000000001,0.25,5.5738468132643835,0.0001427386473740758,0.00015116431471246973
0.8500000000000001,0.26,7.650595736197055,0.00012589902564579244,0.00013632900682948912
0.8500000000000001,0.27,9.598455825781286,0.000111506915427597,0.0001233462508258761
0.8500000000000001,0.28,11.427274754132997,9.91421725546175e-05,0.00011193307226283375
0.8500000000000001,0.29,13.146209984672385,8.846731142455912e-05,0.00010185774438737418
0.8500000000000001,0.3,14.763736596318395,7.920927943307239e-05,9.292908472293626e-05
0.8500000000000001,0.31,16.287671984487027,7.114565834357662e-05,8.498826878926651e-05
0.8500000000000001,0.32,17.725210450855442,6.409412402926937e-05,7.790250741508677e-05
0.8500000000000001,0.33,19.082962991479373,5.7904327599875544e-05,7.156011853693824e-05
0.8500000000000001,0.34,20.36699917418387,5.245159226350692e-05,6.586665291973111e-05
0.8500000000000001,0.35,21.582889082726624,4.763198342401695e-05,6.0741823904054065e-05
0.8500000000000001,0.36,22.735744049671027,4.3358425752960306e-05,5.6117055965483216e-05
0.8500000000000001,0.37,23.830255407502225,3.955762459415071e-05,5.1933513504319773e-05
0.8500000000000001,0.38,24.87073083108524,3.6167609764706224e-05,4.814050524488639e-05
0.8500000000000001,0.39,25.861128074550358,3.313576427227875e-05,4.469418459131456e-05
0.8500000000000001,0.39999999999999997,26.805086057124893,3.0417233293481986e-05,4.155648480879571e-05
0.8500000000000001,0.41,27.705953349672384,2.797363318700317e-05,3.869424175728639e-05
0.8500000000000001,0.42,28.566814173717837,2.577199863068924e-05,3.607846735740441e-05
0.8500000000000001,0.43,29.390512059350602,2.378391980259526e-05,3.368374491341272e-05
0.8500000000000001,0.44,30.17967132585147,2.1984832040906874e-05,3.148772350171837e-05
0.8500000000000001,0.45,30.93671655491588,2.035342846358997e-05,2.947069332400632e-05
0.8500000000000001,0.46,31.663890224932878,1.8871172223447627e-05,2.7615227564992145e-05
0.8500000000000001,0.47,32.3632686686811,1.7521889872085182e-05,2.590587913873914e-05
0.8500000000000001,0.48,33.036776507917374,1.6291431043163402e-05,2.4328922942441106e-05
0.8500000000000001,0.49,33.68619970794962,1.5167382591623415e-05,2.28721360031023e-05
0.8500000000000001,0.5,34.313197384274936,1.4138827628999167e-05,2.1524609306549513e-05
0.9000000000000001,0.0,0.0,1.0,1.0
0.9000000000000001,0.001,0.7629344197010192,0.7727729737109663,0.7787140512389162
0.9000000000000001,0.002,1.3835119582556983,0.6156781432040858,0.624315624526671
0.9000000000000001,0.003,1.818450206474245,0.501664485962974,0.5109559657776501
0.9000000000000001,0.004,2.0401495866044455,0.4161356107514727,0.4248022113093877
0.9000000000000001,0.005,2.0360697922454936,0.3503452871146074,0.35762681873993984
0.9000000000000001,0.006,1.8059667384072338,0.29870294472641123,0.30419663476970626
0.9000000000000001,0.007,1.358591720549844,0.25746920242544336,0.261015335158269
0.9000000000000001,0.008,0.7086341782093363,0.22405679162976883,0.22565586622295905
0.9000000000000001,0.009000000000000001,-0.1257447065394628,0.19662755062532639,0.1963806124005629
0.9000000000000001,0.01,-1.1247312366062694,0.173847021407539,0.17191345705609934
0.9000000000000001,0.011,-2.268115029104977,0.15472859049452187,0.15129700048787142
0.9000000000000001,0.012,-3.536107262733031,0.1385311678568673,0.1337998612458269
0.9000000000000001,0.013000000000000001,-4.9098416117712,0.12469019680687012,0.11885462306605894
0.9000000000000001,0.014,-6.371655668997374,0.11277010011210752,0.1060151780122898
0.9000000000000001,0.015,-7.9052260255095375,0.10243088380799016,0.0949267126170282
0.9000000000000001,0.016,-9.495609036301735,0.09340430105144827,0.08530415226101111
0.9000000000000001,0.017,-11.129223001363693,0.0854765942015127,0.07691639686931294
0.9000000000000001,0.018000000000000002,-12.793795647497717,0.07847583788856728,0.0695746050907085
0.9000000000000001,0.019,-14.478292506081612,0.0722625468702338,0.06312336189535224
0.9000000000000001,0.02,-16.17283613295592,0.06672263068337304,0.05743393456195838
0.9000000000000001,0.021,-17.86862234842316,0.06176205518630423,0.05239906427660939
0.9000000000000001,0.022,-19.557837209405452,0.05730275908713433,0.04792890238284304
0.9000000000000001,0.023,-21.23357684266461,0.05327950253014948,0.04394781043150689
0.9000000000000001,0.024,-22.889771272684804,0.0496374144618627,0.04039181939050106
0.9000000000000001,0.025,-24.521112767389578,0.04633006855686857,0.03720659695951721
0.9000000000000001,0.026000000000000002,-26.122988861964686,0.0433179623232913,0.03434581016050979
0.9000000000000001,0.027,-27.69142001418774,0.04056730621451025,0.03176979800992332
0.9000000000000001,0.028,-29.223001733787548,0.03804905292519488,0.029444489305069523
0.9000000000000001,0.029,-30.7148509747626,0.03573811413039549,0.027340515529712475
0.9000000000000001,0.03,-32.164556558810865,0.03361272452503818,0.02543248008408451
0.9000000000000001,0.031,-33.57013339500374,0.03165392238773824,0.023698353504019387
0.9000000000000001,0.032,-34.92998026659636,0.02984512290935595,0.022118970780539343
0.9000000000000001,0.033,-36.24284096530299,0.028171765820945306,0.020677611844661856
0.9000000000000001,0.034,-37.507768563767335,0.026621022878240547,0.01935965011743712
0.9000000000000001,0.035,-38.72409262705381,0.02518155383649753,0.01815225701579875
0.9000000000000001,0.036000000000000004,-39.891389173303594,0.02384330191787163,0.017044152652121784
0.9000000000000001,0.037,-41.00945320220495,0.022597321607913386,0.01602539481910425
0.9000000000000001,0.038,-42.078273617780305,0.02143563304704471,0.015087199823887894
0.9000000000000001,0.039,-43.09801037939296,0.02035109840289935,0.01422178991094487
0.9000000000000001,0.04,-44.06897372204163,0.01933731649193876,0.013422262956663426
0.9000000000000001,0.041,-44.99160529408635,0.018388532617853184,0.012682480879190033
0.9000000000000001,0.042,-45.86646106764345,0.017499561150893274,0.011996973823049088
0.9000000000000001,0.043000000000000003,-46.69419588405414,0.01666571881767618,0.011360857678955904
0.9000000000000001,0.044,-47.475549504079346,0.015882767029099645,0.010769762908162827
0.9000000000000001,0.045,-48.21133403978083,0.015146861863216931,0.010219772975764067
0.9000000000000001,0.046,-48.90242265238083,0.014454510554555733,0.009707370972936025
0.9000000000000001,0.047,-49.54973940768788,0.013802533532522223,0.009229393235447308
0.9000000000000001,0.048,-50.15425018788217,0.013188031207914125,0.008782988953967306
0.9000000000000001,0.049,-50.71695456551257,0.012608354835009177,0.008365584927957569
0.9000000000000001,0.05,-51.23887855241519,0.0120610808825946,0.007974854745047957
0.9000000000000001,0.051000000000000004,-51.721068142877186,0.011543988434939407,0.0076086917764567295
0.9000000000000001,0.052000000000000005,-52.164583576700885,0.011055039216493824,0.007265185469995626
0.9000000000000001,0.053,-52.57049425384374,0.01059235989475538,0.0069426004985813465
0.9000000000000001,0.054,-52.939874238002105,0.010154226366459074,0.006639358386457976
0.9000000000000001,0.055,-53.27379829185466,0.00973904977479455,0.006354021289568385
0.9000000000000001,0.056,-53.573338391685255,0.009345364041155036,0.006085277652374725
0.9000000000000001,0.057,-53.8395606737589,0.008971814725140841,0.005831929502299472
0.9000000000000001,0.058,-54.07352276914284,0.008617149052120375,0.005592881175977226
0.9000000000000001,0.059000000000000004,-54.27627148764789,0.008280206969367012,0.005367129299614922
0.9000000000000001,0.06,-54.44884081523451,0.007959913110275508,0.005153753869734682
0.9000000000000001,0.061,-54.592250192591806,0.0076552695619395,0.004951910301067826
0.9000000000000001,0.062,-54.707503045678344,0.007365349344873309,0.004760822325920834
0.9000000000000001,0.063,-54.79558554182238,0.007089290525244145,0.004579775644395733
0.9000000000000001,0.064,-54.857465547542105,0.006826290889941981,0.004408112237796034
0.9000000000000001,0.065,-54.89409176657071,0.0065756031234010595,0.0042452252687020875
0.9000000000000001,0.066,-54.90639303868632,0.006336530432505781,0.004090554500822504
0.9000000000000001,0.067,-54.89527778186101,0.006108422572338214,0.003943582180045995
0.9000000000000001,0.068,-54.86163356197532,0.00589067223109938,0.003803829325319589
0.9000000000000001,0.069,-54.80632677591402,0.005682711737385062,0.003670852384225179
0.9000000000000001,0.07,-54.73020243527264,0.005484010057221854,0.0035442402135523266
0.9000000000000001,0.07100000000000001,-54.63408403918578,0.005294070051958583,0.0034236113498864935
0.9000000000000001,0.07200000000000001,-54.51877352593823,0.005112425971335849,0.003308611539346482
0.9000000000000001,0.073,-54.38505129406291,0.004938641158885705,0.0031989114991961836
0.9000000000000001,0.074,-54.23367628456617,0.004772305949297975,0.003094204887195268
0.9000000000000001,0.075,-54.06538611676578,0.004613035739575466,0.0029942064573020037
0.9000000000000001,0.076,-53.880897270989585,0.004460469217726431,0.002898650382751142
0.9000000000000001,0.077,-53.68090531206823,0.004314266734443221,0.0028072887296457325
0.9000000000000001,0.078,-53.46608514817267,0.004174108804719467,0.0027198900660620443
0.9000000000000001,0.079,-53.237091320106146,0.004039694727689972,0.002636238193304786
0.9000000000000001,0.08,-52.9945583166595,0.00391074131415869,0.002556130987393982
0.9000000000000001,0.081,-52.73910091209436,0.0037869817123297343,0.0024793793401397908
0.9000000000000001,0.082,-52.471314522221626,0.0036681643231901337,0.002405806190288682
0.9000000000000001,0.083,-52.19177557591461,0.0035540517978251943,0.002335245636221914
0.9000000000000001,0.084,-51.90104189922501,0.003444420109689819,0.00226754212257144
0.9000000000000001,0.085,-51.59965310956828,0.003339057695522597,0.002202549693902862
0.9000000000000001,0.08600000000000001,-51.288131017715735,0.0032377646591832242,0.0021401313093120863
0.9000000000000001,0.08700000000000001,-50.96698003557379,0.003140352033225708,0.0020801582124022862
0.9000000000000001,0.088,-50.636687587947485,0.0030466410934970184,0.002022509351659948
0.9000000000000001,0.089,-50.29772452668799,0.0029564627224795345,0.0019670708467409716
0.9000000000000001,0.09,-49.950545545797134,0.0028696568174811548,0.0019137354966172622
0.9000000000000001,0.091,-49.595589596228045,0.0027860717401240716,0.001862402325926807
0.9000000000000001,0.092,-49.23328029926352,0.002705563803896193,0.0018129761662215135
0.9000000000000001,0.093,-48.86402635748594,0.002627996796811625,0.0017653672691216112
0.9000000000000001,0.094,-48.488221962472494,0.0025532415364818745,0.001719490948667401
0.9000000000000001,0.095,-48.106247198454824,0.0024811754551302342,0.0016752672504121893
0.9000000000000001,0.096,-47.718468441280265,0.002411682212290907,0.0016326206450275901
0.9000000000000001,0.097,-47.32523875209867,0.0023446513331238416,0.001591479744396777
0.9000000000000001,0.098,-46.926898265277465,0.0022799778704482364,0.0015517770383553062
0.9000000000000001,0.099,-46.523774570119116,0.0022175620887537944,0.0015134486504049059
0.9000000000000001,0.1,-46.11618308601965,0.0021573091685907963,0.0014764341108751608
0.9000000000000001,0.11,-41.85119788320325,0.001655522817871997,0.0011670841294094065
0.9000000000000001,0.12,-37.409067957108746,0.001293698609302821,0.0009414943486165262
0.9000000000000001,0.13,-32.955693218039116,0.0010271337274348137,0.0007725383566316171
0.9000000000000001,0.14,-28.597379743085718,0.0008269919432174334,0.0006430861537533763
0.9000000000000001,0.15,-24.399202419438502,0.0006741696435144054,0.0005419404870790878
0.9000000000000001,0.16,-20.39816015818804,0.0005557091230308563,0.00046155948089300066
0.9000000000000001,0.16999999999999998,-16.612435177822274,0.0004626341705699732,0.0003967279903421127
0.9000000000000001,0.18,-13.047826659907118,0.00038860741138834647,0.00034375487160618516
0.9000000000000001,0.19,-9.702175627395107,0.00032907675228912957,0.0002999728587032249
0.9000000000000001,0.2,-6.5683809085310445,0.0002807206785073138,0.00026341835740965213
0.9000000000000001,0.21000000000000002,-3.6364361956962354,0.00024108049445246816,0.00023262136686873032
0.9000000000000001,0.22,-0.8947916246082356,0.0002083120153597642,0.000206464587522828
0.9000000000000001,0.22999999999999998,1.6687482523271546,0.00018101507665736847,0.00018408702568118427
0.9000000000000001,0.24,4.066443178665605,0.00015811464811557924,0.00016481683089270862
0.9000000000000001,0.25,6.310251182480398,0.0001387767360742935,0.00014812371452141497
0.9000000000000001,0.26,8.411608060099002,0.00012234809684005492,0.00013358471990679562
0.9000000000000001,0.27,10.381304446116161,0.00010831248038197433,0.0001208592467370279
0.9000000000000001,0.28,12.229427640696766,9.625850238515511e-05,0.00010967058753030018
0.9000000000000001,0.29,13.965345746366573,8.585579804585513e-05,9.979211143540948e-05
0.9000000000000001,0.3,15.597718808429272,7.683714281643873e-05,9.103680816640352e-05
0.9000000000000001,0.31,17.13452656569511,6.898491926675387e-05,8.324929117969088e-05
0.9000000000000001,0.32,18.58310579699541,6.212078199334861e-05,7.629962135187431e-05
0.9000000000000001,0.33,19.950192572063596,5.609769850503943e-05,7.007849276282209e-05
0.9000000000000001,0.34,21.241966311163395,5.079377138756379e-05,6.449344785351523e-05
0.9000000000000001,0.35,22.464093651972597,4.610740735752701e-05,5.946587784834739e-05
0.9000000000000001,0.36,23.62177086993706,4.195351299812286e-05,5.49286275368876e-05
0.9000000000000001,0.37,24.719764106593928,3.8260479087763e-05,5.082406907164634e-05
0.9000000000000001,0.38,25.76244700312242,3.49677750354238e-05,4.71025426132978e-05
0.9000000000000001,0.39,26.75383556474388,3.202401857482798e-05,4.372108604148782e-05
0.9000000000000001,0.39999999999999997,27.69762023102684,2.938541808466274e-05,4.064239403814588e-05
0.9000000000000001,0.41,28.597195222267864,2.7014508871779312e-05,3.7833960382749735e-05
0.9000000000000001,0.42,29.45568529004496,2.4879122722950753e-05,3.526736750543538e-05
0.9000000000000001,0.43,30.27597003268136,2.2951543597005477e-05,3.2917695101335117e-05
0.9000000000000001,0.44,31.060705952000212,2.120781264137336e-05,3.0763025549126125e-05
0.9000000000000001,0.45,31.812346432147674,1.9627153606714896e-05,2.8784028456389488e-05
0.9000000000000001,0.46,32.533159818398275,1.8191495806906164e-05,2.6963610209014952e-05
0.9000000000000001,0.47,33.22524576648176,1.6885076474932776e-05,2.528661717852815e-05
0.9000000000000001,0.48,33.89055002296615,1.5694108028002202e-05,2.373958342332945e-05
0.9000000000000001,0.49,34.530877785875326,1.4606498623072741e-05,2.2310515444670885e-05
0.9000000000000001,0.5,35.14790578286403,1.3611616641165512e-05,2.0988707929140232e-05
0.95,0.0,0.0,1.0,1.0
0.95,0.001,0.7666245160638168,0.7720072221233775,0.7779713411526038
0.95,0.002,1.3903137084384318,0.6145223813847971,0.623186630538327
0.95,0.003,1.8270937637621316,0.5003220175185569,0.509633499404214
0.95,0.004,2.048892941202369,0.414722298515005,0.42339725498565056
0.95,0.005,2.0429127620470933,0.3489281023304952,0.3562050609803198
0.95,0.006,1.8088234669870493,0.297320180696724,0.3027972483828643
0.95,0.007,1.3554127239105853,0.2561419087537451,0.2596613923041185
0.95,0.008,0.697484111001002,0.22279553883289144,0.22436041709349414
0.95,0.009000000000000001,-0.146642414182682,0.1954365421094889,0.19515036889725157
0.95,0.01,-1.1569722772059918,0.1727266340388297,0.17075109125004004
0.95,0.011,-2.3131064787081983,0.15367695848566715,0.15020261213322458
0.95,0.012,-3.595068532404282,0.13754517348586007,0.13277193155467268
0.95,0.013000000000000001,-4.9838103999022545,0.1237660887904685,0.11789064268006769
0.95,0.014,-6.461496622865674,0.11190387634581941,0.10511206388750394
0.95,0.015,-8.011640742687606,0.10161852428676296,0.09408108569412926
0.95,0.016,-9.619146616972806,0.0926419053900619,0.08451252199012992
0.95,0.017,-11.270290713876987,0.0847604585251384,0.07617528271144129
0.95,0.018000000000000002,-12.95266947381233,0.07780249342753072,0.06888061503103204
0.95,0.019,-14.65512744718175,0.07162877465089419,0.06247324149013001
0.95,0.02,-16.36767621359898,0.06612546159902047,0.056824595755993024
0.95,0.021,-18.081410288995908,0.06119876142858467,0.05182760036385493
0.95,0.022,-19.788423744584986,0.05677084077349236,0.04739259354020733
0.95,0.023,-21.481729670538964,0.05277667196629614,0.04344412292237491
0.95,0.024,-23.15518361885184,0.04916157956819418,0.03991840060938274
0.95,0.025,-24.803411548868933,0.04587931639515395,0.03676126784177619
0.95,0.026000000000000002,-26.42174243670805,0.04289054327527282,0.03392655602476417
0.95,0.027,-28.006145503933848,0.04016161911588926,0.03137475857723958
0.95,0.028,-29.553171910939966,0.03766363130001863,0.029071948408881967
0.95,0.029,-31.059900707614318,0.03537161357134249,0.026988890866210972
0.95,0.03,-32.52388881350084,0.03326391120422378,0.025100313235627766
0.95,0.031,-33.94312479675779,0.031321662647007725,0.02338430038461063
0.95,0.032,-35.31598622683041,0.029528373859715337,0.021821792593091607
0.95,0.033,-36.64120038485688,0.027869566871919778,0.020396166597939514
0.95,0.034,-37.91780812576704,0.026332488115659754,0.019092884721345918
0.95,0.035,-39.14513069559107,0.024905865168921605,0.017899199953614164
0.95,0.036000000000000004,-40.32273931625388,0.023579702915914238,0.016803907214760987
0.95,0.037,-41.450427358082486,0.022345111965996332,0.015797132877817022
0.95,0.038,-42.52818492758464,0.021194163602933712,0.014870156112422248
0.95,0.039,-43.55617570499181,0.020119766656283813,0.014015256785350682
0.95,0.04,-44.534715872812846,0.019115562569063636,0.013225585599714937
0.95,0.041,-45.46425498337393,0.018175835634634478,0.01249505291641023
0.95,0.042,-46.34535862013147,0.017295435931971845,0.0118182333181236
0.95,0.043000000000000003,-47.178692714486715,0.01646971293345462,0.011190283477652819
0.95,0.044,-47.96500938690726,0.01569445811696192,0.010606871301527218
0.95,0.045,-48.70513418834796,0.014965855202865428,0.010064114655187273
0.95,0.046,-49.39995462521335,0.014280436870741245,0.009558528251608465
0.95,0.047,-50.05040985835143,0.013635047001419211,0.009086977512617783
0.95,0.048,-50.657481473759695,0.013026807646039754,0.00864663840030318
0.95,0.049,-51.2221852297433,0.012453090051931646,0.008234962372096642
0.95,0.05,-51.74556369215117,0.01191148918075582,0.00784964574313412
0.95,0.051000000000000004,-52.228679675960215,0.011399801241757865,0.007488602848046713
0.95,0.052000000000000005,-52.67261041785884,0.01091600383554214,0.0071499424852077085
0.95,0.053,-53.078442410552235,0.010458238364247946,0.006831947202728412
0.95,0.054,-53.44726683526014,0.010024794414559852,0.006533055049668886
0.95,0.055,-53.780175534286094,0.00961409586238324,0.006251843470057509
0.95,0.056,-54.078257470597144,0.009224688483688398,0.005987015063075173
0.95,0.057,-54.342595626068075,0.008855228886130639,0.005737384971537315
0.95,0.058,-54.57426429441699,0.008504474601533476,0.005501869693738303
0.95,0.059000000000000004,-54.77432672889583,0.008171275200948565,0.005279477141749386
0.95,0.06,-54.943833108522874,0.007854564312413602,0.0050692977931637035
0.95,0.061,-55.08381879005369,0.00755335243723813,0.004870496803708167
0.95,0.062,-55.19530281601368,0.007266720474088279,0.0046823069656322545
0.95,0.063,-55.2792866519672,0.006993813871670684,0.004504022411788998
0.95,0.064,-55.336753128797824,0.006733837340729697,0.0043349929782208856
0.95,0.065,-55.36866556813704,0.0064860500646168094,0.004174619149169655
0.95,0.066,-55.37596707122538,0.006249761355073087,0.004022347518009754
0.95,0.067,-55.35957995343175,0.0060243267062570155,0.0038776667058850038
0.95,0.068,-55.320405308423204,0.005809144205596295,0.0037401036869952452
0.95,0.069,-55.25932268756344,0.0056036512648647025,0.003609220475694865
0.95,0.07,-55.177189881560665,0.005407321639087578,0.0034846111359631707
0.95,0.07100000000000001,-55.07484279268551,0.00521966270454843,0.003365899078502647
0.95,0.07200000000000001,-54.953095387048336,0.005040212970378838,0.0032527346148130713
0.95,0.073,-54.812739717485755,0.00486853980102706,0.0031447927411604156
0.95,0.074,-54.654546008557105,0.004704237329370909,0.003041771128480518
0.95,0.075,-54.47926279601282,0.004546924542413503,0.0029433882969895045
0.95,0.076,-54.287617113867476,0.004396243523415229,0.0028493819566677925
0.95,0.077,-54.080314722911915,0.004251857836005629,0.002759507496886864
0.95,0.078,-53.858040375122734,0.004113451037313316,0.0026735366102962656
0.95,0.079,-53.6214581089981,0.003980725308475645,0.0025912560377152685
0.95,0.08,-53.371211571355296,0.0038534001920638074,0.0025124664222079445
0.95,0.081,-53.10792436158678,0.003731211427002035,0.002436981261786446
0.95,0.082,-52.832200394787435,0.0036139098724875265,0.0023646259513062564
0.95,0.083,-52.544624280535174,0.003501260513244497,0.002295236905107551
0.95,0.084,-52.24576171444831,0.0033930415391835566,0.002228660752834312
0.95,0.085,-51.93615987994433,0.0032890434931968013,0.0021647536016414465
0.95,0.08600000000000001,-51.61634785789837,0.0031890684814088383,0.002103380358691779
0.95,0.08700000000000001,-51.28683704214887,0.0030929294407324275,0.0020444141084598987
0.95,0.088,-50.94812155901934,0.0030004494590514697,0.0019877355399075445
0.95,0.089,-50.60067868922626,0.0029114611437798905,0.0019332324190834951
0.95,0.09,-50.2449692907263,0.002825806034927956,0.001880799103136677
0.95,0.091,-49.881438221218716,0.0027433340591523077,0.0018303360921205344
0.95,0.092,-49.5105147591673,0.002663903021576918,0.0017817496153149854
0.95,0.093,-49.13261302234031,0.0025873781324526396,0.001734951249104075
0.95,0.094,-48.74813238298712,0.0025136315659765487,0.0016898575637269932
0.95,0.095,-48.357457878879416,0.0024425420488214875,0.0016463897964709023
0.95,0.096,-47.96096061954289,0.0023739944761338584,0.0016044735490993412
0.95,0.097,-47.55899818709522,0.002307879552945845,0.0015640385075125027
0.95,0.098,-47.15191503118517,0.0022440934591189976,0.0015250181818180334
0.95,0.099,-46.74004285759951,0.0021825375360911485,0.0014873496651552308
0.95,0.1,-46.323701010172236,0.002123117993839646,0.0014509734097636372
0.95,0.11,-41.97173895998902,0.0016284106094209402,0.001146996311624995
0.95,0.12,-37.44558835380697,0.0012718718859459864,0.0009253639212282205
0.95,0.13,-32.91280035556419,0.0010093228523517302,0.0007593872446082101
0.95,0.14,-28.48049596825467,0.0008122804220409728,0.0006322208020131502
0.95,0.15,-24.21403069141446,0.0006618843154420284,0.0005328579321979744
0.95,0.16,-20.15035659814529,0.0005453477461238381,0.0004538877466238468
0.95,0.16999999999999998,-16.30741946341781,0.000453816632160197,0.00039018717314327143
0.95,0.18,-12.690681997357483,0.0003810422298877906,0.0003381310886881719
0.95,0.19,-9.297605438580202,0.00032253768635363264,0.0002951004141942366
0.95,0.2,-6.1207003280673975,0.00027503014197877856,0.0002591672888781691
0.95,0.21000000000000002,-3.1495840406942106,0.00023609763075095982,0.00022888859218066785
0.95,0.22,-0.37235361551705315,0.00020392401037651214,0.00020316750881189512
0.95,0.22999999999999998,2.2235108394067034,0.0001771307539137324,0.00018115884036580966
0.95,0.24,4.65056301537888,0.00015465969304327622,0.0001622030480035464
0.95,0.25,6.921024686829393,0.00013569009715872486,0.00014577953474690305
0.95,0.26,9.046566702210464,0.00011957924648132595,0.00013147304301291518
0.95,0.27,11.038188187021104,0.00010581931043563359,0.00011894914039980839
0.95,0.28,12.906160766303223,9.400569292433367e-05,0.0001079360994433722
0.95,0.29,14.660015138941684,8.381354228875861e-05,9.821133953236e-05
0.95,0.3,16.308554570250713,7.498014251372043e-05,8.959116684949463e-05
0.95,0.31,17.8598848404084,6.729158720826231e-05,8.192292776497841e-05
0.95,0.32,19.321453601709738,6.057260440517001e-05,7.507894862921534e-05
0.95,0.33,20.70009444316217,5.467872182236505e-05,6.89518120335898e-05
0.95,0.34,22.002072570063348,4.9490186482109616e-05,6.345064300146342e-05
0.95,0.35,23.233130107815317,4.490721065499603e-05,5.8498165573333935e-05
0.95,0.36,24.3985297907408,4.0846228661502684e-05,5.402835229056179e-05
0.95,0.37,25.50309630646665,3.7236930004392535e-05,4.9984533796972906e-05
0.95,0.38,26.55125490933269,3.4019893042300504e-05,4.631786833159006e-05
0.95,0.39,27.54706714397971,3.114468641231322e-05,4.298609481303465e-05
0.95,0.39999999999999997,28.49426366860175,2.8568337146478194e-05,3.995251096230416e-05
0.95,0.41,29.396274261165054,2.6254088037943566e-05,3.718513118565178e-05
0.95,0.42,30.25625514846748,2.4170384509611878e-05,3.465598895078656e-05
0.95,0.43,31.077113829229756,2.2290044597832245e-05,3.234055599848822e-05
0.95,0.44,31.861531576806946,2.0589575817646964e-05,3.021725655729394e-05
0.95,0.45,32.611983810363554,1.9048610443832006e-05,2.826705922048122e-05
0.95,0.46,33.330758519460744,1.7649436721100814e-05,2.647313263081399e-05
0.95,0.47,34.01997291871086,1.6376608146503147e-05,2.482055384173567e-05
0.95,0.48,34.68158849833964,1.521661657213277e-05,2.3296060363846986e-05
0.95,0.49,35.31742462442735,1.4157617698729087e-05,2.1887838597217803e-05
0.95,0.5,35.92917083012446,1.3189199751983321e-05,2.0585342694744686e-05
1.0,0.0,0.0,1.0,1.0
1.0,0.001,0.7696199106350086,0.7713872240869302,0.7773700185288351
1.0,0.002,1.3958679574024817,0.6135866857491865,0.6222727922640339
1.0,0.003,1.8342067911933888,0.49923539732273964,0.508563503644111
1.0,0.004,2.056174552020922,0.41357867004519716,0.4222610952283677
1.0,0.005,2.048754127275961,0.3477817296183002,0.35505595311181753
1.0,0.006,1.8115366133005197,0.2962020636088046,0.3016668693981495
1.0,0.007,1.3533301619970173,0.2550690611808647,0.2585683445774071
1.0,0.008,0.6890231131984192,0.22177647926601837,0.22331517241926602
1.0,0.009000000000000001,-0.1629421943584494,0.19447463080500796,0.19415826506737888
1.0,0.01,-1.182429466706905,0.17182213416900266,0.16981420101751862
1.0,0.011,-2.34889041261788,0.15282832051715528,0.1493209353819376
1.0,0.012,-3.6421988938904897,0.13674983808882446,0.13194416902407655
1.0,0.013000000000000001,-5.043161088743082,0.12302098764529465,0.11711470444169464
1.0,0.014,-6.533801984042861,0.11120574185925937,0.10438540612294706
1.0,0.015,-8.09750302675032,0.10096407787122452,0.09340093438258187
1.0,0.016,-9.719044012843295,0.09202796845699303,0.08387602105448584
1.0,0.017,-11.384585580660904,0.08418401438943227,0.0755795911530946
1.0,0.018000000000000002,-13.081616565947213,0.07726071822650485,0.0683229693497066
1.0,0.019,-14.798882021535805,0.07111904893853144,0.06195099437047635
1.0,0.02,-16.526301957314686,0.06564537013420171,0.0563352385097131
1.0,0.021,-18.254887031729773,0.06074608599849287,0.05136877428346253
1.0,0.022,-19.976654929952524,0.05634354915537645,0.046962093740880013
1.0,0.023,-21.684549566014006,0.05237290499969187,0.04303989716564592
1.0,0.024,-23.372364245071815,0.048779637572818745,0.0395385448526551
1.0,0.025,-25.034669310395927,0.04551764569003336,0.03640401973394816
1.0,0.026000000000000002,-26.666744437779776,0.042547723243422625,0.033590287199907136
1.0,0.027,-28.264515534956345,0.039836350058167436,0.031057966337783193
1.0,0.028,-29.82449609439949,0.037354723193695524,0.028773247204852408
1.0,0.029,-31.34373279554691,0.035077975768564466,0.026707003845526274
1.0,0.03,-32.81975513240079,0.03298454305644591,0.024834064046847106
1.0,0.031,-34.250528839600086,0.031055645012771426,0.023132605347034502
1.0,0.032,-35.63441289552184,0.029274861437658107,0.021583653302063032
1.0,0.033,-36.970119889764305,0.027627781293866126,0.02017066300015025
1.0,0.034,-38.25667955189479,0.026101711732907873,0.018879168671999364
1.0,0.035,-39.49340524743608,0.0246854354663371,0.01769648925162419
1.0,0.036000000000000004,-40.67986325533566,0.023369007491811044,0.0166114801017371
1.0,0.037,-41.81584464863367,0.02214358402014356,0.015614322979923037
1.0,0.038,-42.90133960692713,0.021001277879811077,0.01469634780022247
1.0,0.039,-43.93651399575346,0.01993503579556271,0.013849880924690763
1.0,0.04,-44.92168805441501,0.01893853382000147,0.013068115665952259
1.0,0.041,-45.8573170401892,0.018006087895512616,0.01234500144449473
1.0,0.042,-46.7439736834327,0.017132577079820233,0.01167514866183189
1.0,0.043000000000000003,-47.58233231482748,0.01631337741306216,0.011053746852476846
1.0,0.044,-48.37315453294156,0.015544304761570564,0.010476494087156072
1.0,0.045,-49.11727628735157,0.014821565262000637,0.00993953593508456
1.0,0.046,-49.81559625974389,0.014141712223362484,0.009439412568798369
1.0,0.047,-50.46906543261689,0.013501608535007982,0.008973012822395895
1.0,0.048,-51.078677742368896,0.012898393784404797,0.008537534202146077
1.0,0.049,-51.64546172062081,0.012329455416429044,0.008130448004532984
1.0,0.05,-52.17047303451152,0.01179240337132045,0.007749468826745377
1.0,0.051000000000000004,-52.65478784338531,0.011285047725646376,0.007392527863078989
1.0,0.052000000000000005,-53.099496895694614,0.010805378933017723,0.007057749471495217
1.0,0.053,-53.50570029606117,0.010351550321613816,0.006743430570753488
1.0,0.054,-53.874502878226735,0.009921862555989066,0.006448022492615968
1.0,0.055,-54.20701012507919,0.009514749812913387,0.0061701149676631805
1.0,0.056,-54.504324582050316,0.00912876745656484,0.005908421968937808
1.0,0.057,-54.76754271493925,0.008762581028403894,0.005661769176333939
1.0,0.058,-54.997752167636634,0.008414956392456117,0.0054290828575081435
1.0,0.059000000000000004,-55.196029379306815,0.008084750898284455,0.005209379989049154
1.0,0.06,-55.363437524346686,0.00777090544227587,0.005001759465484347
1.0,0.061,-55.501024741893744,0.007472437323519679,0.004805394264071701
1.0,0.062,-55.60982262481672,0.007188433803946415,0.0046195244507656165
1.0,0.063,-55.69084494101075,0.006918046293881473,0.004443450927703958
1.0,0.064,-55.74508656244948,0.006660485094043022,0.004276529835419464
1.0,0.065,-55.77352257983981,0.006415014633524325,0.004118167534046993
1.0,0.066,-55.77710758289864,0.006180949150652337,0.003967816097344773
1.0,0.067,-55.75677508824012,0.005957648769979283,0.0038249692615965666
1.0,0.068,-55.71343709864492,0.005744515934186349,0.003689158778601221
1.0,0.069,-55.647983779099604,0.00554099215448041,0.003559951128145904
1.0,0.07,-55.56128323644745,0.0053465550472482715,0.0034369445507348405
1.0,0.07100000000000001,-55.45418139081243,0.005160715628385521,0.0033197663660210347
1.0,0.07200000000000001,-55.32750192814421,0.004983015839911994,0.0032080705464620028
1.0,0.073,-55.18204632430301,0.004813026286285959,0.0031015355192749463
1.0,0.074,-55.018593932071305,0.004650344160287766,0.002999862172872974
1.0,0.075,-54.8379021233469,0.00449459134050619,0.0029027720466825433
1.0,0.076,-54.640706479560265,0.004345412644366325,0.002810005685625009
1.0,0.077,-54.4277210240621,0.0042024742223198425,0.0027213211426367133
1.0,0.078,-54.199638490868125,0.004065462080305524,0.0026364926144403934
1.0,0.079,-53.95713062471807,0.003934080718904865,0.0025553091973989036
1.0,0.08,-53.700848507926594,0.0038080518787856434,0.0024775737517085056
1.0,0.081,-53.431422909968,0.0036871133830639826,0.0024031018634478435
1.0,0.082,-53.149464656156404,0.0035710180681385525,0.0023317208951112076
1.0,0.083,-52.855565012163986,0.003459532795373136,0.002263269116239132
1.0,0.084,-52.550296081457965,0.0033524375367375956,0.002197594906631633
1.0,0.085,-52.23421121304901,0.003249524528173092,0.0021345560254031476
1.0,0.08600000000000001,-51.90784541721736,0.0031505974850339993,0.002074018939825545
1.0,0.08700000000000001,-51.57171578713745,0.003055470874484662,0.0020158582085167322
1.0,0.088,-51.22632192454393,0.002963969240200571,0.00195995591407657
1.0,0.089,-50.872146367790265,0.002875926575147084,0.001906201140756798
1.0,0.09,-50.50965502083183,0.002791185738589678,0.001854489493184576
1.0,0.091,-50.13929758183326,0.0027095979138325806,0.001804722652545858
1.0,0.092,-49.761507970250626,0.0026310221034918334,0.001756807966980723
1.0,0.093,-49.376704751371975,0.0025553246593877257,0.0017106580732523865
1.0,0.094,-48.98529155742622,0.002482378844393678,0.0016661905470291662
1.0,0.095,-48.587657504475565,0.002412064423806536,0.001623327579367676
1.0,0.096,-48.18417760441289,0.002344267284009736,0.0015819956772091465
1.0,0.097,-47.77521317146772,0.0022788790763878406,0.0015421253859018923
1.0,0.098,-47.361112222714276,0.0022157968846207338,0.00150365103194382
1.0,0.099,-46.94220987214048,0.00215492291363992,0.0014665104843019532
1.0,0.1,-46.51882871790821,0.002096164198669543,0.0014306449328128842
1.0,0.11,-42.09650147126662,0.0016070647526977948,0.0011309671498300469
1.0,0.12,-37.50170978002427,0.0012547058800292518,0.000912502020546897
1.0,0.13,-32.90343076140938,0.0009953274682264182,0.0007489102896171641
1.0,0.14,-28.409532256363196,0.0008007283470347377,0.0006235739146188335
1.0,0.15,-24.085677822321045,0.0006522421928943148,0.0005256385783927972
1.0,0.16,-19.96885411488337,0.0005372182520069486,0.00044779810224118927
1.0,0.16999999999999998,-16.07687885852146,0.0004468995029111836,0.0003850030318750044
1.0,0.18,-12.41499674600772,0.00037510754052280323,0.00033368104913112913
1.0,0.19,-8.980407604287707,0.00031740721567247426,0.00029125163196764024
1.0,0.2,-5.765346251091844,0.00027056417660079274,0.0002558155257757686
1.0,0.21000000000000002,-2.7591575761994975,0.00023218548834944632,0.00022595114034218574
1.0,0.22,0.05032056971740573,0.00020047714491803215,0.00020057807694908114
1.0,0.22999999999999998,2.675848701347946,0.0001740776784496749,0.00017886380320491517
1.0,0.24,5.130200303252138,0.00015194219845461073,0.00016015865843534537
1.0,0.25,7.425795687849774,0.00013326040605547482,0.00014394982602943592
1.0,0.26,9.5744836428281,0.00011739784950437009,0.00012982823237708715
1.0,0.27,11.587421888803899,0.00010385330579403759,0.00011746440157352018
1.0,0.28,13.475022848647612,9.222750074837152e-05,0.00010659060976929712
1.0,0.29,15.246941871175405,8.219990078646733e-05,9.698753366695457e-05
1.0,0.3,16.912092361501788,7.351131789603896e-05,8.847414742452606e-05
1.0,0.31,18.47867728999739,6.595074715014764e-05,8.08999964153618e-05
1.0,0.32,19.954229998162415,5.934531762326788e-05,7.413923012034928e-05
1.0,0.33,21.345659584723762,5.355255565805969e-05,6.808595097907492e-05
1.0,0.34,22.659297776317885,4.845438120081676e-05,6.265055760766003e-05
1.0,0.35,23.900945295813106,4.3952414214724087e-05,5.775684650167654e-05
1.0,0.36,25.075916496778934,3.9964279460434366e-05,5.3339697453511407e-05
1.0,0.37,26.18908154436704,3.6420677937820695e-05,4.934321195273138e-05
1.0,0.38,27.244905766469444,3.326305133259032e-05,4.5719205896183716e-05
1.0,0.39,28.247486026669844,3.0441708300500604e-05,4.2425981494969705e-05
1.0,0.39999999999999997,29.20058411835182,2.7914312780182174e-05,3.942732073785061e-05
1.0,0.41,30.107657272426135,2.5644657852002386e-05,3.6691655839839344e-05
1.0,0.42,30.971885926888845,2.3601666142745772e-05,3.419138196032425e-05
1.0,0.43,31.796198936895834,2.1758570972144176e-05,3.190228496504543e-05
1.0,0.44,32.58329641761584,2.0092242466248648e-05,2.9803062740520447e-05
1.0,0.45,33.3356704146136,1.8582630534100253e-05,2.787492299056103e-05
1.0,0.46,34.055623591920664,1.721230250875124e-05,2.610124387595609e-05
1.0,0.47,34.74528611902988,1.5966057825315045e-05,2.446728653877546e-05
1.0,0.48,35.406630926677536,1.4830605668374719e-05,2.2959950659238594e-05
1.0,0.49,36.041487488719966,1.3794294307803489e-05,2.1567565858212634e-05
1.0,0.5,36.65155427450491,1.2846883035009724e-05,2.0279713081957106e-05
